-- Realistic seed data derived from public OpenFlights airport, airline, and route datasets.
-- Source: https://openflights.org/data.php
-- OpenFlights route data is historical, so AeroWay uses it as realistic sample inventory, not live airline availability.

INSERT INTO airports (iata_code, icao_code, name, city, country, latitude, longitude, timezone) VALUES
    ('AMS', 'EHAM', 'Amsterdam Airport Schiphol', 'Amsterdam', 'Netherlands', 52.308601, 4.76389, 'Europe/Amsterdam'),
    ('ARN', 'ESSA', 'Stockholm-Arlanda Airport', 'Stockholm', 'Sweden', 59.651901245117, 17.918600082397, 'Europe/Stockholm'),
    ('ATH', 'LGAV', 'Eleftherios Venizelos International Airport', 'Athens', 'Greece', 37.9364013672, 23.9444999695, 'Europe/Athens'),
    ('BCN', 'LEBL', 'Barcelona International Airport', 'Barcelona', 'Spain', 41.2971, 2.07846, 'Europe/Madrid'),
    ('BRU', 'EBBR', 'Brussels Airport', 'Brussels', 'Belgium', 50.901401519800004, 4.48443984985, 'Europe/Brussels'),
    ('BUD', 'LHBP', 'Budapest Liszt Ferenc International Airport', 'Budapest', 'Hungary', 47.42976, 19.261093, 'Europe/Budapest'),
    ('CDG', 'LFPG', 'Charles de Gaulle International Airport', 'Paris', 'France', 49.012798, 2.55, 'Europe/Paris'),
    ('CGN', 'EDDK', 'Cologne Bonn Airport', 'Cologne', 'Germany', 50.8658981323, 7.1427397728, 'Europe/Berlin'),
    ('CPH', 'EKCH', 'Copenhagen Kastrup Airport', 'Copenhagen', 'Denmark', 55.617900848389, 12.656000137329, 'Europe/Copenhagen'),
    ('DUB', 'EIDW', 'Dublin Airport', 'Dublin', 'Ireland', 53.421299, -6.27007, 'Europe/Dublin'),
    ('DUS', 'EDDL', 'Düsseldorf Airport', 'Duesseldorf', 'Germany', 51.289501, 6.76678, 'Europe/Berlin'),
    ('EDI', 'EGPH', 'Edinburgh Airport', 'Edinburgh', 'United Kingdom', 55.95000076293945, -3.372499942779541, 'Europe/London'),
    ('FCO', 'LIRF', 'Leonardo da Vinci–Fiumicino Airport', 'Rome', 'Italy', 41.8002778, 12.2388889, 'Europe/Rome'),
    ('FRA', 'EDDF', 'Frankfurt am Main Airport', 'Frankfurt', 'Germany', 50.033333, 8.570556, 'Europe/Berlin'),
    ('GVA', 'LSGG', 'Geneva Cointrin International Airport', 'Geneva', 'Switzerland', 46.23809814453125, 6.108950138092041, 'Europe/Paris'),
    ('HAM', 'EDDH', 'Hamburg Airport', 'Hamburg', 'Germany', 53.630401611328, 9.9882297515869, 'Europe/Berlin'),
    ('HEL', 'EFHK', 'Helsinki Vantaa Airport', 'Helsinki', 'Finland', 60.317199707031, 24.963300704956, 'Europe/Helsinki'),
    ('LGW', 'EGKK', 'London Gatwick Airport', 'London', 'United Kingdom', 51.148102, -0.190278, 'Europe/London'),
    ('LHR', 'EGLL', 'London Heathrow Airport', 'London', 'United Kingdom', 51.4706, -0.461941, 'Europe/London'),
    ('LIS', 'LPPT', 'Humberto Delgado Airport (Lisbon Portela Airport)', 'Lisbon', 'Portugal', 38.7813, -9.13592, 'Europe/Lisbon'),
    ('MAD', 'LEMD', 'Adolfo Suárez Madrid–Barajas Airport', 'Madrid', 'Spain', 40.471926, -3.56264, 'Europe/Madrid'),
    ('MUC', 'EDDM', 'Munich Airport', 'Munich', 'Germany', 48.353802, 11.7861, 'Europe/Berlin'),
    ('NCE', 'LFMN', 'Nice-Côte d''Azur Airport', 'Nice', 'France', 43.6584014893, 7.215869903560001, 'Europe/Paris'),
    ('OSL', 'ENGM', 'Oslo Lufthavn', 'Oslo', 'Norway', 60.121, 11.0502, 'Europe/Oslo'),
    ('PMI', 'LEPA', 'Palma De Mallorca Airport', 'Palma de Mallorca', 'Spain', 39.551700592, 2.73881006241, 'Europe/Madrid'),
    ('VIE', 'LOWW', 'Vienna International Airport', 'Vienna', 'Austria', 48.110298156738, 16.569700241089, 'Europe/Vienna'),
    ('WAW', 'EPWA', 'Warsaw Chopin Airport', 'Warsaw', 'Poland', 52.1656990051, 20.967100143399996, 'Europe/Warsaw'),
    ('ZRH', 'LSZH', 'Zürich Airport', 'Zurich', 'Switzerland', 47.464699, 8.54917, 'Europe/Zurich')
ON CONFLICT (iata_code) DO NOTHING;

INSERT INTO airlines (code, name, country) VALUES
    ('A3', 'Aegean Airlines', 'Greece'),
    ('AF', 'Air France', 'France'),
    ('AY', 'Finnair', 'Finland'),
    ('AZ', 'Alitalia', 'Italy'),
    ('BA', 'British Airways', 'United Kingdom'),
    ('DY', 'Norwegian Air Shuttle', 'Norway'),
    ('EI', 'Aer Lingus', 'Ireland'),
    ('EW', 'Eurowings', 'Germany'),
    ('FR', 'Ryanair', 'Ireland'),
    ('IB', 'Iberia Airlines', 'Spain'),
    ('KL', 'KLM Royal Dutch Airlines', 'Netherlands'),
    ('LH', 'Lufthansa', 'Germany'),
    ('LO', 'LOT Polish Airlines', 'Poland'),
    ('LX', 'Swiss International Air Lines', 'Switzerland'),
    ('OS', 'Austrian Airlines', 'Austria')
ON CONFLICT (code) DO NOTHING;

INSERT INTO routes (id, airline_code, origin, destination, equipment) VALUES
    ('33333333-3333-3333-3333-000000000001', 'A3', 'ATH', 'BCN', '320 321'),
    ('33333333-3333-3333-3333-000000000002', 'A3', 'ATH', 'BRU', '321 320'),
    ('33333333-3333-3333-3333-000000000003', 'A3', 'ATH', 'BUD', '320'),
    ('33333333-3333-3333-3333-000000000004', 'A3', 'ATH', 'CDG', '321 320'),
    ('33333333-3333-3333-3333-000000000005', 'A3', 'ATH', 'DUS', '320'),
    ('33333333-3333-3333-3333-000000000006', 'AF', 'AMS', 'CDG', '321 320 319 318 32A'),
    ('33333333-3333-3333-3333-000000000007', 'AF', 'AMS', 'NCE', '73W E90 73H'),
    ('33333333-3333-3333-3333-000000000008', 'AF', 'ARN', 'CDG', '320 321 32A 319'),
    ('33333333-3333-3333-3333-000000000009', 'AF', 'ATH', 'CDG', '32A 319 320 321'),
    ('33333333-3333-3333-3333-000000000010', 'AF', 'BCN', 'CDG', '321 32A 318 320'),
    ('33333333-3333-3333-3333-000000000011', 'AY', 'AMS', 'HEL', '320 321'),
    ('33333333-3333-3333-3333-000000000012', 'AY', 'AMS', 'LIS', '320 319'),
    ('33333333-3333-3333-3333-000000000013', 'AY', 'ARN', 'HEL', '319 320'),
    ('33333333-3333-3333-3333-000000000014', 'AY', 'ARN', 'LHR', '320 321 319 767'),
    ('33333333-3333-3333-3333-000000000015', 'AY', 'ARN', 'VIE', 'E90'),
    ('33333333-3333-3333-3333-000000000016', 'AZ', 'AMS', 'ARN', '737'),
    ('33333333-3333-3333-3333-000000000017', 'AZ', 'AMS', 'CGN', 'F70'),
    ('33333333-3333-3333-3333-000000000018', 'AZ', 'AMS', 'CPH', '737 E90'),
    ('33333333-3333-3333-3333-000000000019', 'AZ', 'AMS', 'DUS', 'F70'),
    ('33333333-3333-3333-3333-000000000020', 'AZ', 'AMS', 'FCO', '321 32S 320 319'),
    ('33333333-3333-3333-3333-000000000021', 'BA', 'AMS', 'LGW', '319 734'),
    ('33333333-3333-3333-3333-000000000022', 'BA', 'AMS', 'LHR', '320 767 319 321'),
    ('33333333-3333-3333-3333-000000000023', 'BA', 'ARN', 'LHR', '320 321 319 767'),
    ('33333333-3333-3333-3333-000000000024', 'BA', 'ATH', 'LHR', '320 767'),
    ('33333333-3333-3333-3333-000000000025', 'BA', 'BCN', 'LGW', '319 734 320'),
    ('33333333-3333-3333-3333-000000000026', 'DY', 'AMS', 'ARN', '73H'),
    ('33333333-3333-3333-3333-000000000027', 'DY', 'AMS', 'CPH', '73H'),
    ('33333333-3333-3333-3333-000000000028', 'DY', 'AMS', 'OSL', '73H'),
    ('33333333-3333-3333-3333-000000000029', 'DY', 'ARN', 'AMS', '73H'),
    ('33333333-3333-3333-3333-000000000030', 'DY', 'ARN', 'ATH', '73H'),
    ('33333333-3333-3333-3333-000000000031', 'EI', 'AMS', 'DUB', '320'),
    ('33333333-3333-3333-3333-000000000032', 'EI', 'ARN', 'DUB', '320'),
    ('33333333-3333-3333-3333-000000000033', 'EI', 'ATH', 'DUB', '320'),
    ('33333333-3333-3333-3333-000000000034', 'EI', 'BCN', 'DUB', '320'),
    ('33333333-3333-3333-3333-000000000035', 'EI', 'BRU', 'DUB', '320'),
    ('33333333-3333-3333-3333-000000000036', 'EW', 'HAM', 'AMS', 'CRJ'),
    ('33333333-3333-3333-3333-000000000037', 'FR', 'BCN', 'BRU', '738'),
    ('33333333-3333-3333-3333-000000000038', 'FR', 'BCN', 'BUD', '738'),
    ('33333333-3333-3333-3333-000000000039', 'FR', 'BCN', 'DUB', '738'),
    ('33333333-3333-3333-3333-000000000040', 'FR', 'BCN', 'EDI', '738'),
    ('33333333-3333-3333-3333-000000000041', 'FR', 'BCN', 'FCO', '738'),
    ('33333333-3333-3333-3333-000000000042', 'IB', 'AMS', 'BCN', '320'),
    ('33333333-3333-3333-3333-000000000043', 'IB', 'AMS', 'PMI', '320'),
    ('33333333-3333-3333-3333-000000000044', 'IB', 'ARN', 'BCN', '320'),
    ('33333333-3333-3333-3333-000000000045', 'IB', 'ARN', 'LHR', '320 321 319'),
    ('33333333-3333-3333-3333-000000000046', 'IB', 'ARN', 'MAD', '32S'),
    ('33333333-3333-3333-3333-000000000047', 'KL', 'AMS', 'ARN', '737'),
    ('33333333-3333-3333-3333-000000000048', 'KL', 'AMS', 'ATH', '737'),
    ('33333333-3333-3333-3333-000000000049', 'KL', 'AMS', 'BCN', '737'),
    ('33333333-3333-3333-3333-000000000050', 'KL', 'AMS', 'BRU', 'F70 EMJ'),
    ('33333333-3333-3333-3333-000000000051', 'KL', 'AMS', 'BUD', '737'),
    ('33333333-3333-3333-3333-000000000052', 'LH', 'AMS', 'FRA', '733 735 320 319 32A 321'),
    ('33333333-3333-3333-3333-000000000053', 'LH', 'AMS', 'MUC', 'E95 CR9'),
    ('33333333-3333-3333-3333-000000000054', 'LH', 'ARN', 'DUS', '736 717 73W 73H'),
    ('33333333-3333-3333-3333-000000000055', 'LH', 'ARN', 'FRA', '321 32A'),
    ('33333333-3333-3333-3333-000000000056', 'LH', 'ARN', 'MUC', '320 CR9 321 319'),
    ('33333333-3333-3333-3333-000000000057', 'LO', 'AMS', 'WAW', 'E75 E95 E70'),
    ('33333333-3333-3333-3333-000000000058', 'LO', 'ARN', 'WAW', 'E70 E75'),
    ('33333333-3333-3333-3333-000000000059', 'LO', 'ATH', 'WAW', 'E95 E75 734'),
    ('33333333-3333-3333-3333-000000000060', 'LO', 'BCN', 'WAW', 'E95 734'),
    ('33333333-3333-3333-3333-000000000061', 'LO', 'BRU', 'WAW', 'E95 734 E75'),
    ('33333333-3333-3333-3333-000000000062', 'LX', 'AMS', 'ZRH', '320 AR1'),
    ('33333333-3333-3333-3333-000000000063', 'LX', 'ARN', 'GVA', '320 319'),
    ('33333333-3333-3333-3333-000000000064', 'LX', 'ARN', 'ZRH', '320 321'),
    ('33333333-3333-3333-3333-000000000065', 'LX', 'ATH', 'GVA', '320 319'),
    ('33333333-3333-3333-3333-000000000066', 'LX', 'ATH', 'ZRH', '321'),
    ('33333333-3333-3333-3333-000000000067', 'OS', 'AMS', 'VIE', '100 319 F70 320'),
    ('33333333-3333-3333-3333-000000000068', 'OS', 'ARN', 'VIE', '320 100 319'),
    ('33333333-3333-3333-3333-000000000069', 'OS', 'ATH', 'VIE', '321 320'),
    ('33333333-3333-3333-3333-000000000070', 'OS', 'BCN', 'VIE', '321 320')
ON CONFLICT (airline_code, origin, destination) DO NOTHING;

INSERT INTO flights (id, flight_number, origin, destination, departure_time, airline_code, equipment, base_price_cents) VALUES
    ('44444444-4444-4444-4444-000000000001', 'A3100', 'ATH', 'BCN', '2026-07-20T06:35:00Z', 'A3', '320 321', 8900),
    ('44444444-4444-4444-4444-000000000002', 'A3101', 'ATH', 'BRU', '2026-07-20T08:20:00Z', 'A3', '321 320', 10600),
    ('44444444-4444-4444-4444-000000000003', 'A3102', 'ATH', 'BUD', '2026-07-21T09:45:00Z', 'A3', '320', 12300),
    ('44444444-4444-4444-4444-000000000004', 'A3103', 'ATH', 'CDG', '2026-07-21T11:15:00Z', 'A3', '321 320', 14000),
    ('44444444-4444-4444-4444-000000000005', 'A3104', 'ATH', 'DUS', '2026-07-22T13:30:00Z', 'A3', '320', 15700),
    ('44444444-4444-4444-4444-000000000006', 'AF105', 'AMS', 'CDG', '2026-07-22T15:05:00Z', 'AF', '321 320 319 318 32A', 17400),
    ('44444444-4444-4444-4444-000000000007', 'AF106', 'AMS', 'NCE', '2026-07-23T17:40:00Z', 'AF', '73W E90 73H', 19100),
    ('44444444-4444-4444-4444-000000000008', 'AF107', 'ARN', 'CDG', '2026-07-24T19:10:00Z', 'AF', '320 321 32A 319', 20800),
    ('44444444-4444-4444-4444-000000000009', 'AF108', 'ATH', 'CDG', '2026-07-25T20:55:00Z', 'AF', '32A 319 320 321', 22500),
    ('44444444-4444-4444-4444-000000000010', 'AF109', 'BCN', 'CDG', '2026-07-20T06:35:00Z', 'AF', '321 32A 318 320', 24200),
    ('44444444-4444-4444-4444-000000000011', 'AY110', 'AMS', 'HEL', '2026-07-20T08:20:00Z', 'AY', '320 321', 25900),
    ('44444444-4444-4444-4444-000000000012', 'AY111', 'AMS', 'LIS', '2026-07-21T09:45:00Z', 'AY', '320 319', 27600),
    ('44444444-4444-4444-4444-000000000013', 'AY112', 'ARN', 'HEL', '2026-07-21T11:15:00Z', 'AY', '319 320', 29300),
    ('44444444-4444-4444-4444-000000000014', 'AY113', 'ARN', 'LHR', '2026-07-22T13:30:00Z', 'AY', '320 321 319 767', 9000),
    ('44444444-4444-4444-4444-000000000015', 'AY114', 'ARN', 'VIE', '2026-07-22T15:05:00Z', 'AY', 'E90', 10700),
    ('44444444-4444-4444-4444-000000000016', 'AZ115', 'AMS', 'ARN', '2026-07-23T17:40:00Z', 'AZ', '737', 12400),
    ('44444444-4444-4444-4444-000000000017', 'AZ116', 'AMS', 'CGN', '2026-07-24T19:10:00Z', 'AZ', 'F70', 14100),
    ('44444444-4444-4444-4444-000000000018', 'AZ117', 'AMS', 'CPH', '2026-07-25T20:55:00Z', 'AZ', '737 E90', 15800),
    ('44444444-4444-4444-4444-000000000019', 'AZ118', 'AMS', 'DUS', '2026-07-20T06:35:00Z', 'AZ', 'F70', 17500),
    ('44444444-4444-4444-4444-000000000020', 'AZ119', 'AMS', 'FCO', '2026-07-20T08:20:00Z', 'AZ', '321 32S 320 319', 19200),
    ('44444444-4444-4444-4444-000000000021', 'BA120', 'AMS', 'LGW', '2026-07-21T09:45:00Z', 'BA', '319 734', 20900),
    ('44444444-4444-4444-4444-000000000022', 'BA121', 'AMS', 'LHR', '2026-07-21T11:15:00Z', 'BA', '320 767 319 321', 22600),
    ('44444444-4444-4444-4444-000000000023', 'BA122', 'ARN', 'LHR', '2026-07-22T13:30:00Z', 'BA', '320 321 319 767', 24300),
    ('44444444-4444-4444-4444-000000000024', 'BA123', 'ATH', 'LHR', '2026-07-22T15:05:00Z', 'BA', '320 767', 26000),
    ('44444444-4444-4444-4444-000000000025', 'BA124', 'BCN', 'LGW', '2026-07-23T17:40:00Z', 'BA', '319 734 320', 27700),
    ('44444444-4444-4444-4444-000000000026', 'DY125', 'AMS', 'ARN', '2026-07-24T19:10:00Z', 'DY', '73H', 29400),
    ('44444444-4444-4444-4444-000000000027', 'DY126', 'AMS', 'CPH', '2026-07-25T20:55:00Z', 'DY', '73H', 9100),
    ('44444444-4444-4444-4444-000000000028', 'DY127', 'AMS', 'OSL', '2026-07-20T06:35:00Z', 'DY', '73H', 10800),
    ('44444444-4444-4444-4444-000000000029', 'DY128', 'ARN', 'AMS', '2026-07-20T08:20:00Z', 'DY', '73H', 12500),
    ('44444444-4444-4444-4444-000000000030', 'DY129', 'ARN', 'ATH', '2026-07-21T09:45:00Z', 'DY', '73H', 14200),
    ('44444444-4444-4444-4444-000000000031', 'EI130', 'AMS', 'DUB', '2026-07-21T11:15:00Z', 'EI', '320', 15900),
    ('44444444-4444-4444-4444-000000000032', 'EI131', 'ARN', 'DUB', '2026-07-22T13:30:00Z', 'EI', '320', 17600),
    ('44444444-4444-4444-4444-000000000033', 'EI132', 'ATH', 'DUB', '2026-07-22T15:05:00Z', 'EI', '320', 19300),
    ('44444444-4444-4444-4444-000000000034', 'EI133', 'BCN', 'DUB', '2026-07-23T17:40:00Z', 'EI', '320', 21000),
    ('44444444-4444-4444-4444-000000000035', 'EI134', 'BRU', 'DUB', '2026-07-24T19:10:00Z', 'EI', '320', 22700),
    ('44444444-4444-4444-4444-000000000036', 'EW135', 'HAM', 'AMS', '2026-07-25T20:55:00Z', 'EW', 'CRJ', 24400),
    ('44444444-4444-4444-4444-000000000037', 'FR136', 'BCN', 'BRU', '2026-07-20T06:35:00Z', 'FR', '738', 26100),
    ('44444444-4444-4444-4444-000000000038', 'FR137', 'BCN', 'BUD', '2026-07-20T08:20:00Z', 'FR', '738', 27800),
    ('44444444-4444-4444-4444-000000000039', 'FR138', 'BCN', 'DUB', '2026-07-21T09:45:00Z', 'FR', '738', 29500),
    ('44444444-4444-4444-4444-000000000040', 'FR139', 'BCN', 'EDI', '2026-07-21T11:15:00Z', 'FR', '738', 9200),
    ('44444444-4444-4444-4444-000000000041', 'FR140', 'BCN', 'FCO', '2026-07-22T13:30:00Z', 'FR', '738', 10900),
    ('44444444-4444-4444-4444-000000000042', 'IB141', 'AMS', 'BCN', '2026-07-22T15:05:00Z', 'IB', '320', 12600),
    ('44444444-4444-4444-4444-000000000043', 'IB142', 'AMS', 'PMI', '2026-07-23T17:40:00Z', 'IB', '320', 14300),
    ('44444444-4444-4444-4444-000000000044', 'IB143', 'ARN', 'BCN', '2026-07-24T19:10:00Z', 'IB', '320', 16000),
    ('44444444-4444-4444-4444-000000000045', 'IB144', 'ARN', 'LHR', '2026-07-25T20:55:00Z', 'IB', '320 321 319', 17700),
    ('44444444-4444-4444-4444-000000000046', 'IB145', 'ARN', 'MAD', '2026-07-20T06:35:00Z', 'IB', '32S', 19400),
    ('44444444-4444-4444-4444-000000000047', 'KL146', 'AMS', 'ARN', '2026-07-20T08:20:00Z', 'KL', '737', 21100),
    ('44444444-4444-4444-4444-000000000048', 'KL147', 'AMS', 'ATH', '2026-07-21T09:45:00Z', 'KL', '737', 22800),
    ('44444444-4444-4444-4444-000000000049', 'KL148', 'AMS', 'BCN', '2026-07-21T11:15:00Z', 'KL', '737', 24500),
    ('44444444-4444-4444-4444-000000000050', 'KL149', 'AMS', 'BRU', '2026-07-22T13:30:00Z', 'KL', 'F70 EMJ', 26200),
    ('44444444-4444-4444-4444-000000000051', 'KL150', 'AMS', 'BUD', '2026-07-22T15:05:00Z', 'KL', '737', 27900),
    ('44444444-4444-4444-4444-000000000052', 'LH151', 'AMS', 'FRA', '2026-07-23T17:40:00Z', 'LH', '733 735 320 319 32A 321', 29600),
    ('44444444-4444-4444-4444-000000000053', 'LH152', 'AMS', 'MUC', '2026-07-24T19:10:00Z', 'LH', 'E95 CR9', 9300),
    ('44444444-4444-4444-4444-000000000054', 'LH153', 'ARN', 'DUS', '2026-07-25T20:55:00Z', 'LH', '736 717 73W 73H', 11000),
    ('44444444-4444-4444-4444-000000000055', 'LH154', 'ARN', 'FRA', '2026-07-20T06:35:00Z', 'LH', '321 32A', 12700),
    ('44444444-4444-4444-4444-000000000056', 'LH155', 'ARN', 'MUC', '2026-07-20T08:20:00Z', 'LH', '320 CR9 321 319', 14400),
    ('44444444-4444-4444-4444-000000000057', 'LO156', 'AMS', 'WAW', '2026-07-21T09:45:00Z', 'LO', 'E75 E95 E70', 16100),
    ('44444444-4444-4444-4444-000000000058', 'LO157', 'ARN', 'WAW', '2026-07-21T11:15:00Z', 'LO', 'E70 E75', 17800),
    ('44444444-4444-4444-4444-000000000059', 'LO158', 'ATH', 'WAW', '2026-07-22T13:30:00Z', 'LO', 'E95 E75 734', 19500),
    ('44444444-4444-4444-4444-000000000060', 'LO159', 'BCN', 'WAW', '2026-07-22T15:05:00Z', 'LO', 'E95 734', 21200),
    ('44444444-4444-4444-4444-000000000061', 'LO160', 'BRU', 'WAW', '2026-07-23T17:40:00Z', 'LO', 'E95 734 E75', 22900),
    ('44444444-4444-4444-4444-000000000062', 'LX161', 'AMS', 'ZRH', '2026-07-24T19:10:00Z', 'LX', '320 AR1', 24600),
    ('44444444-4444-4444-4444-000000000063', 'LX162', 'ARN', 'GVA', '2026-07-25T20:55:00Z', 'LX', '320 319', 26300),
    ('44444444-4444-4444-4444-000000000064', 'LX163', 'ARN', 'ZRH', '2026-07-20T06:35:00Z', 'LX', '320 321', 28000),
    ('44444444-4444-4444-4444-000000000065', 'LX164', 'ATH', 'GVA', '2026-07-20T08:20:00Z', 'LX', '320 319', 29700),
    ('44444444-4444-4444-4444-000000000066', 'LX165', 'ATH', 'ZRH', '2026-07-21T09:45:00Z', 'LX', '321', 9400),
    ('44444444-4444-4444-4444-000000000067', 'OS166', 'AMS', 'VIE', '2026-07-21T11:15:00Z', 'OS', '100 319 F70 320', 11100),
    ('44444444-4444-4444-4444-000000000068', 'OS167', 'ARN', 'VIE', '2026-07-22T13:30:00Z', 'OS', '320 100 319', 12800),
    ('44444444-4444-4444-4444-000000000069', 'OS168', 'ATH', 'VIE', '2026-07-22T15:05:00Z', 'OS', '321 320', 14500),
    ('44444444-4444-4444-4444-000000000070', 'OS169', 'BCN', 'VIE', '2026-07-23T17:40:00Z', 'OS', '321 320', 16200)
ON CONFLICT (id) DO NOTHING;

INSERT INTO seats (id, flight_id, seat_number, cabin_class) VALUES
    ('55555555-5555-5555-5555-000000000300', '44444444-4444-4444-4444-000000000001', '1A', 'BUSINESS'),
    ('55555555-5555-5555-5555-000000000301', '44444444-4444-4444-4444-000000000001', '1B', 'BUSINESS'),
    ('55555555-5555-5555-5555-000000000302', '44444444-4444-4444-4444-000000000001', '2A', 'PREMIUM'),
    ('55555555-5555-5555-5555-000000000303', '44444444-4444-4444-4444-000000000001', '2B', 'PREMIUM'),
    ('55555555-5555-5555-5555-000000000304', '44444444-4444-4444-4444-000000000001', '12A', 'ECONOMY'),
    ('55555555-5555-5555-5555-000000000305', '44444444-4444-4444-4444-000000000001', '12B', 'ECONOMY'),
    ('55555555-5555-5555-5555-000000000306', '44444444-4444-4444-4444-000000000001', '12C', 'ECONOMY'),
    ('55555555-5555-5555-5555-000000000307', '44444444-4444-4444-4444-000000000001', '12D', 'ECONOMY'),
    ('55555555-5555-5555-5555-000000000308', '44444444-4444-4444-4444-000000000001', '18A', 'ECONOMY'),
    ('55555555-5555-5555-5555-000000000309', '44444444-4444-4444-4444-000000000001', '18B', 'ECONOMY'),
    ('55555555-5555-5555-5555-000000000310', '44444444-4444-4444-4444-000000000001', '18C', 'ECONOMY'),
    ('55555555-5555-5555-5555-000000000311', '44444444-4444-4444-4444-000000000001', '18D', 'ECONOMY'),
    ('55555555-5555-5555-5555-000000000312', '44444444-4444-4444-4444-000000000002', '1A', 'BUSINESS'),
    ('55555555-5555-5555-5555-000000000313', '44444444-4444-4444-4444-000000000002', '1B', 'BUSINESS'),
    ('55555555-5555-5555-5555-000000000314', '44444444-4444-4444-4444-000000000002', '2A', 'PREMIUM'),
    ('55555555-5555-5555-5555-000000000315', '44444444-4444-4444-4444-000000000002', '2B', 'PREMIUM'),
    ('55555555-5555-5555-5555-000000000316', '44444444-4444-4444-4444-000000000002', '12A', 'ECONOMY'),
    ('55555555-5555-5555-5555-000000000317', '44444444-4444-4444-4444-000000000002', '12B', 'ECONOMY'),
    ('55555555-5555-5555-5555-000000000318', '44444444-4444-4444-4444-000000000002', '12C', 'ECONOMY'),
    ('55555555-5555-5555-5555-000000000319', '44444444-4444-4444-4444-000000000002', '12D', 'ECONOMY'),
    ('55555555-5555-5555-5555-000000000320', '44444444-4444-4444-4444-000000000002', '18A', 'ECONOMY'),
    ('55555555-5555-5555-5555-000000000321', '44444444-4444-4444-4444-000000000002', '18B', 'ECONOMY'),
    ('55555555-5555-5555-5555-000000000322', '44444444-4444-4444-4444-000000000002', '18C', 'ECONOMY'),
    ('55555555-5555-5555-5555-000000000323', '44444444-4444-4444-4444-000000000002', '18D', 'ECONOMY'),
    ('55555555-5555-5555-5555-000000000324', '44444444-4444-4444-4444-000000000003', '1A', 'BUSINESS'),
    ('55555555-5555-5555-5555-000000000325', '44444444-4444-4444-4444-000000000003', '1B', 'BUSINESS'),
    ('55555555-5555-5555-5555-000000000326', '44444444-4444-4444-4444-000000000003', '2A', 'PREMIUM'),
    ('55555555-5555-5555-5555-000000000327', '44444444-4444-4444-4444-000000000003', '2B', 'PREMIUM'),
    ('55555555-5555-5555-5555-000000000328', '44444444-4444-4444-4444-000000000003', '12A', 'ECONOMY'),
    ('55555555-5555-5555-5555-000000000329', '44444444-4444-4444-4444-000000000003', '12B', 'ECONOMY'),
    ('55555555-5555-5555-5555-000000000330', '44444444-4444-4444-4444-000000000003', '12C', 'ECONOMY'),
    ('55555555-5555-5555-5555-000000000331', '44444444-4444-4444-4444-000000000003', '12D', 'ECONOMY'),
    ('55555555-5555-5555-5555-000000000332', '44444444-4444-4444-4444-000000000003', '18A', 'ECONOMY'),
    ('55555555-5555-5555-5555-000000000333', '44444444-4444-4444-4444-000000000003', '18B', 'ECONOMY'),
    ('55555555-5555-5555-5555-000000000334', '44444444-4444-4444-4444-000000000003', '18C', 'ECONOMY'),
    ('55555555-5555-5555-5555-000000000335', '44444444-4444-4444-4444-000000000003', '18D', 'ECONOMY'),
    ('55555555-5555-5555-5555-000000000336', '44444444-4444-4444-4444-000000000004', '1A', 'BUSINESS'),
    ('55555555-5555-5555-5555-000000000337', '44444444-4444-4444-4444-000000000004', '1B', 'BUSINESS'),
    ('55555555-5555-5555-5555-000000000338', '44444444-4444-4444-4444-000000000004', '2A', 'PREMIUM'),
    ('55555555-5555-5555-5555-000000000339', '44444444-4444-4444-4444-000000000004', '2B', 'PREMIUM'),
    ('55555555-5555-5555-5555-000000000340', '44444444-4444-4444-4444-000000000004', '12A', 'ECONOMY'),
    ('55555555-5555-5555-5555-000000000341', '44444444-4444-4444-4444-000000000004', '12B', 'ECONOMY'),
    ('55555555-5555-5555-5555-000000000342', '44444444-4444-4444-4444-000000000004', '12C', 'ECONOMY'),
    ('55555555-5555-5555-5555-000000000343', '44444444-4444-4444-4444-000000000004', '12D', 'ECONOMY'),
    ('55555555-5555-5555-5555-000000000344', '44444444-4444-4444-4444-000000000004', '18A', 'ECONOMY'),
    ('55555555-5555-5555-5555-000000000345', '44444444-4444-4444-4444-000000000004', '18B', 'ECONOMY'),
    ('55555555-5555-5555-5555-000000000346', '44444444-4444-4444-4444-000000000004', '18C', 'ECONOMY'),
    ('55555555-5555-5555-5555-000000000347', '44444444-4444-4444-4444-000000000004', '18D', 'ECONOMY'),
    ('55555555-5555-5555-5555-000000000348', '44444444-4444-4444-4444-000000000005', '1A', 'BUSINESS'),
    ('55555555-5555-5555-5555-000000000349', '44444444-4444-4444-4444-000000000005', '1B', 'BUSINESS'),
    ('55555555-5555-5555-5555-000000000350', '44444444-4444-4444-4444-000000000005', '2A', 'PREMIUM'),
    ('55555555-5555-5555-5555-000000000351', '44444444-4444-4444-4444-000000000005', '2B', 'PREMIUM'),
    ('55555555-5555-5555-5555-000000000352', '44444444-4444-4444-4444-000000000005', '12A', 'ECONOMY'),
    ('55555555-5555-5555-5555-000000000353', '44444444-4444-4444-4444-000000000005', '12B', 'ECONOMY'),
    ('55555555-5555-5555-5555-000000000354', '44444444-4444-4444-4444-000000000005', '12C', 'ECONOMY'),
    ('55555555-5555-5555-5555-000000000355', '44444444-4444-4444-4444-000000000005', '12D', 'ECONOMY'),
    ('55555555-5555-5555-5555-000000000356', '44444444-4444-4444-4444-000000000005', '18A', 'ECONOMY'),
    ('55555555-5555-5555-5555-000000000357', '44444444-4444-4444-4444-000000000005', '18B', 'ECONOMY'),
    ('55555555-5555-5555-5555-000000000358', '44444444-4444-4444-4444-000000000005', '18C', 'ECONOMY'),
    ('55555555-5555-5555-5555-000000000359', '44444444-4444-4444-4444-000000000005', '18D', 'ECONOMY'),
    ('55555555-5555-5555-5555-000000000360', '44444444-4444-4444-4444-000000000006', '1A', 'BUSINESS'),
    ('55555555-5555-5555-5555-000000000361', '44444444-4444-4444-4444-000000000006', '1B', 'BUSINESS'),
    ('55555555-5555-5555-5555-000000000362', '44444444-4444-4444-4444-000000000006', '2A', 'PREMIUM'),
    ('55555555-5555-5555-5555-000000000363', '44444444-4444-4444-4444-000000000006', '2B', 'PREMIUM'),
    ('55555555-5555-5555-5555-000000000364', '44444444-4444-4444-4444-000000000006', '12A', 'ECONOMY'),
    ('55555555-5555-5555-5555-000000000365', '44444444-4444-4444-4444-000000000006', '12B', 'ECONOMY'),
    ('55555555-5555-5555-5555-000000000366', '44444444-4444-4444-4444-000000000006', '12C', 'ECONOMY'),
    ('55555555-5555-5555-5555-000000000367', '44444444-4444-4444-4444-000000000006', '12D', 'ECONOMY'),
    ('55555555-5555-5555-5555-000000000368', '44444444-4444-4444-4444-000000000006', '18A', 'ECONOMY'),
    ('55555555-5555-5555-5555-000000000369', '44444444-4444-4444-4444-000000000006', '18B', 'ECONOMY'),
    ('55555555-5555-5555-5555-000000000370', '44444444-4444-4444-4444-000000000006', '18C', 'ECONOMY'),
    ('55555555-5555-5555-5555-000000000371', '44444444-4444-4444-4444-000000000006', '18D', 'ECONOMY'),
    ('55555555-5555-5555-5555-000000000372', '44444444-4444-4444-4444-000000000007', '1A', 'BUSINESS'),
    ('55555555-5555-5555-5555-000000000373', '44444444-4444-4444-4444-000000000007', '1B', 'BUSINESS'),
    ('55555555-5555-5555-5555-000000000374', '44444444-4444-4444-4444-000000000007', '2A', 'PREMIUM'),
    ('55555555-5555-5555-5555-000000000375', '44444444-4444-4444-4444-000000000007', '2B', 'PREMIUM'),
    ('55555555-5555-5555-5555-000000000376', '44444444-4444-4444-4444-000000000007', '12A', 'ECONOMY'),
    ('55555555-5555-5555-5555-000000000377', '44444444-4444-4444-4444-000000000007', '12B', 'ECONOMY'),
    ('55555555-5555-5555-5555-000000000378', '44444444-4444-4444-4444-000000000007', '12C', 'ECONOMY'),
    ('55555555-5555-5555-5555-000000000379', '44444444-4444-4444-4444-000000000007', '12D', 'ECONOMY'),
    ('55555555-5555-5555-5555-000000000380', '44444444-4444-4444-4444-000000000007', '18A', 'ECONOMY'),
    ('55555555-5555-5555-5555-000000000381', '44444444-4444-4444-4444-000000000007', '18B', 'ECONOMY'),
    ('55555555-5555-5555-5555-000000000382', '44444444-4444-4444-4444-000000000007', '18C', 'ECONOMY'),
    ('55555555-5555-5555-5555-000000000383', '44444444-4444-4444-4444-000000000007', '18D', 'ECONOMY'),
    ('55555555-5555-5555-5555-000000000384', '44444444-4444-4444-4444-000000000008', '1A', 'BUSINESS'),
    ('55555555-5555-5555-5555-000000000385', '44444444-4444-4444-4444-000000000008', '1B', 'BUSINESS'),
    ('55555555-5555-5555-5555-000000000386', '44444444-4444-4444-4444-000000000008', '2A', 'PREMIUM'),
    ('55555555-5555-5555-5555-000000000387', '44444444-4444-4444-4444-000000000008', '2B', 'PREMIUM'),
    ('55555555-5555-5555-5555-000000000388', '44444444-4444-4444-4444-000000000008', '12A', 'ECONOMY'),
    ('55555555-5555-5555-5555-000000000389', '44444444-4444-4444-4444-000000000008', '12B', 'ECONOMY'),
    ('55555555-5555-5555-5555-000000000390', '44444444-4444-4444-4444-000000000008', '12C', 'ECONOMY'),
    ('55555555-5555-5555-5555-000000000391', '44444444-4444-4444-4444-000000000008', '12D', 'ECONOMY'),
    ('55555555-5555-5555-5555-000000000392', '44444444-4444-4444-4444-000000000008', '18A', 'ECONOMY'),
    ('55555555-5555-5555-5555-000000000393', '44444444-4444-4444-4444-000000000008', '18B', 'ECONOMY'),
    ('55555555-5555-5555-5555-000000000394', '44444444-4444-4444-4444-000000000008', '18C', 'ECONOMY'),
    ('55555555-5555-5555-5555-000000000395', '44444444-4444-4444-4444-000000000008', '18D', 'ECONOMY'),
    ('55555555-5555-5555-5555-000000000396', '44444444-4444-4444-4444-000000000009', '1A', 'BUSINESS'),
    ('55555555-5555-5555-5555-000000000397', '44444444-4444-4444-4444-000000000009', '1B', 'BUSINESS'),
    ('55555555-5555-5555-5555-000000000398', '44444444-4444-4444-4444-000000000009', '2A', 'PREMIUM'),
    ('55555555-5555-5555-5555-000000000399', '44444444-4444-4444-4444-000000000009', '2B', 'PREMIUM'),
    ('55555555-5555-5555-5555-000000000400', '44444444-4444-4444-4444-000000000009', '12A', 'ECONOMY'),
    ('55555555-5555-5555-5555-000000000401', '44444444-4444-4444-4444-000000000009', '12B', 'ECONOMY'),
    ('55555555-5555-5555-5555-000000000402', '44444444-4444-4444-4444-000000000009', '12C', 'ECONOMY'),
    ('55555555-5555-5555-5555-000000000403', '44444444-4444-4444-4444-000000000009', '12D', 'ECONOMY'),
    ('55555555-5555-5555-5555-000000000404', '44444444-4444-4444-4444-000000000009', '18A', 'ECONOMY'),
    ('55555555-5555-5555-5555-000000000405', '44444444-4444-4444-4444-000000000009', '18B', 'ECONOMY'),
    ('55555555-5555-5555-5555-000000000406', '44444444-4444-4444-4444-000000000009', '18C', 'ECONOMY'),
    ('55555555-5555-5555-5555-000000000407', '44444444-4444-4444-4444-000000000009', '18D', 'ECONOMY'),
    ('55555555-5555-5555-5555-000000000408', '44444444-4444-4444-4444-000000000010', '1A', 'BUSINESS'),
    ('55555555-5555-5555-5555-000000000409', '44444444-4444-4444-4444-000000000010', '1B', 'BUSINESS'),
    ('55555555-5555-5555-5555-000000000410', '44444444-4444-4444-4444-000000000010', '2A', 'PREMIUM'),
    ('55555555-5555-5555-5555-000000000411', '44444444-4444-4444-4444-000000000010', '2B', 'PREMIUM'),
    ('55555555-5555-5555-5555-000000000412', '44444444-4444-4444-4444-000000000010', '12A', 'ECONOMY'),
    ('55555555-5555-5555-5555-000000000413', '44444444-4444-4444-4444-000000000010', '12B', 'ECONOMY'),
    ('55555555-5555-5555-5555-000000000414', '44444444-4444-4444-4444-000000000010', '12C', 'ECONOMY'),
    ('55555555-5555-5555-5555-000000000415', '44444444-4444-4444-4444-000000000010', '12D', 'ECONOMY'),
    ('55555555-5555-5555-5555-000000000416', '44444444-4444-4444-4444-000000000010', '18A', 'ECONOMY'),
    ('55555555-5555-5555-5555-000000000417', '44444444-4444-4444-4444-000000000010', '18B', 'ECONOMY'),
    ('55555555-5555-5555-5555-000000000418', '44444444-4444-4444-4444-000000000010', '18C', 'ECONOMY'),
    ('55555555-5555-5555-5555-000000000419', '44444444-4444-4444-4444-000000000010', '18D', 'ECONOMY'),
    ('55555555-5555-5555-5555-000000000420', '44444444-4444-4444-4444-000000000011', '1A', 'BUSINESS'),
    ('55555555-5555-5555-5555-000000000421', '44444444-4444-4444-4444-000000000011', '1B', 'BUSINESS'),
    ('55555555-5555-5555-5555-000000000422', '44444444-4444-4444-4444-000000000011', '2A', 'PREMIUM'),
    ('55555555-5555-5555-5555-000000000423', '44444444-4444-4444-4444-000000000011', '2B', 'PREMIUM'),
    ('55555555-5555-5555-5555-000000000424', '44444444-4444-4444-4444-000000000011', '12A', 'ECONOMY'),
    ('55555555-5555-5555-5555-000000000425', '44444444-4444-4444-4444-000000000011', '12B', 'ECONOMY'),
    ('55555555-5555-5555-5555-000000000426', '44444444-4444-4444-4444-000000000011', '12C', 'ECONOMY'),
    ('55555555-5555-5555-5555-000000000427', '44444444-4444-4444-4444-000000000011', '12D', 'ECONOMY'),
    ('55555555-5555-5555-5555-000000000428', '44444444-4444-4444-4444-000000000011', '18A', 'ECONOMY'),
    ('55555555-5555-5555-5555-000000000429', '44444444-4444-4444-4444-000000000011', '18B', 'ECONOMY'),
    ('55555555-5555-5555-5555-000000000430', '44444444-4444-4444-4444-000000000011', '18C', 'ECONOMY'),
    ('55555555-5555-5555-5555-000000000431', '44444444-4444-4444-4444-000000000011', '18D', 'ECONOMY'),
    ('55555555-5555-5555-5555-000000000432', '44444444-4444-4444-4444-000000000012', '1A', 'BUSINESS'),
    ('55555555-5555-5555-5555-000000000433', '44444444-4444-4444-4444-000000000012', '1B', 'BUSINESS'),
    ('55555555-5555-5555-5555-000000000434', '44444444-4444-4444-4444-000000000012', '2A', 'PREMIUM'),
    ('55555555-5555-5555-5555-000000000435', '44444444-4444-4444-4444-000000000012', '2B', 'PREMIUM'),
    ('55555555-5555-5555-5555-000000000436', '44444444-4444-4444-4444-000000000012', '12A', 'ECONOMY'),
    ('55555555-5555-5555-5555-000000000437', '44444444-4444-4444-4444-000000000012', '12B', 'ECONOMY'),
    ('55555555-5555-5555-5555-000000000438', '44444444-4444-4444-4444-000000000012', '12C', 'ECONOMY'),
    ('55555555-5555-5555-5555-000000000439', '44444444-4444-4444-4444-000000000012', '12D', 'ECONOMY'),
    ('55555555-5555-5555-5555-000000000440', '44444444-4444-4444-4444-000000000012', '18A', 'ECONOMY'),
    ('55555555-5555-5555-5555-000000000441', '44444444-4444-4444-4444-000000000012', '18B', 'ECONOMY'),
    ('55555555-5555-5555-5555-000000000442', '44444444-4444-4444-4444-000000000012', '18C', 'ECONOMY'),
    ('55555555-5555-5555-5555-000000000443', '44444444-4444-4444-4444-000000000012', '18D', 'ECONOMY'),
    ('55555555-5555-5555-5555-000000000444', '44444444-4444-4444-4444-000000000013', '1A', 'BUSINESS'),
    ('55555555-5555-5555-5555-000000000445', '44444444-4444-4444-4444-000000000013', '1B', 'BUSINESS'),
    ('55555555-5555-5555-5555-000000000446', '44444444-4444-4444-4444-000000000013', '2A', 'PREMIUM'),
    ('55555555-5555-5555-5555-000000000447', '44444444-4444-4444-4444-000000000013', '2B', 'PREMIUM'),
    ('55555555-5555-5555-5555-000000000448', '44444444-4444-4444-4444-000000000013', '12A', 'ECONOMY'),
    ('55555555-5555-5555-5555-000000000449', '44444444-4444-4444-4444-000000000013', '12B', 'ECONOMY'),
    ('55555555-5555-5555-5555-000000000450', '44444444-4444-4444-4444-000000000013', '12C', 'ECONOMY'),
    ('55555555-5555-5555-5555-000000000451', '44444444-4444-4444-4444-000000000013', '12D', 'ECONOMY'),
    ('55555555-5555-5555-5555-000000000452', '44444444-4444-4444-4444-000000000013', '18A', 'ECONOMY'),
    ('55555555-5555-5555-5555-000000000453', '44444444-4444-4444-4444-000000000013', '18B', 'ECONOMY'),
    ('55555555-5555-5555-5555-000000000454', '44444444-4444-4444-4444-000000000013', '18C', 'ECONOMY'),
    ('55555555-5555-5555-5555-000000000455', '44444444-4444-4444-4444-000000000013', '18D', 'ECONOMY'),
    ('55555555-5555-5555-5555-000000000456', '44444444-4444-4444-4444-000000000014', '1A', 'BUSINESS'),
    ('55555555-5555-5555-5555-000000000457', '44444444-4444-4444-4444-000000000014', '1B', 'BUSINESS'),
    ('55555555-5555-5555-5555-000000000458', '44444444-4444-4444-4444-000000000014', '2A', 'PREMIUM'),
    ('55555555-5555-5555-5555-000000000459', '44444444-4444-4444-4444-000000000014', '2B', 'PREMIUM'),
    ('55555555-5555-5555-5555-000000000460', '44444444-4444-4444-4444-000000000014', '12A', 'ECONOMY'),
    ('55555555-5555-5555-5555-000000000461', '44444444-4444-4444-4444-000000000014', '12B', 'ECONOMY'),
    ('55555555-5555-5555-5555-000000000462', '44444444-4444-4444-4444-000000000014', '12C', 'ECONOMY'),
    ('55555555-5555-5555-5555-000000000463', '44444444-4444-4444-4444-000000000014', '12D', 'ECONOMY'),
    ('55555555-5555-5555-5555-000000000464', '44444444-4444-4444-4444-000000000014', '18A', 'ECONOMY'),
    ('55555555-5555-5555-5555-000000000465', '44444444-4444-4444-4444-000000000014', '18B', 'ECONOMY'),
    ('55555555-5555-5555-5555-000000000466', '44444444-4444-4444-4444-000000000014', '18C', 'ECONOMY'),
    ('55555555-5555-5555-5555-000000000467', '44444444-4444-4444-4444-000000000014', '18D', 'ECONOMY'),
    ('55555555-5555-5555-5555-000000000468', '44444444-4444-4444-4444-000000000015', '1A', 'BUSINESS'),
    ('55555555-5555-5555-5555-000000000469', '44444444-4444-4444-4444-000000000015', '1B', 'BUSINESS'),
    ('55555555-5555-5555-5555-000000000470', '44444444-4444-4444-4444-000000000015', '2A', 'PREMIUM'),
    ('55555555-5555-5555-5555-000000000471', '44444444-4444-4444-4444-000000000015', '2B', 'PREMIUM'),
    ('55555555-5555-5555-5555-000000000472', '44444444-4444-4444-4444-000000000015', '12A', 'ECONOMY'),
    ('55555555-5555-5555-5555-000000000473', '44444444-4444-4444-4444-000000000015', '12B', 'ECONOMY'),
    ('55555555-5555-5555-5555-000000000474', '44444444-4444-4444-4444-000000000015', '12C', 'ECONOMY'),
    ('55555555-5555-5555-5555-000000000475', '44444444-4444-4444-4444-000000000015', '12D', 'ECONOMY'),
    ('55555555-5555-5555-5555-000000000476', '44444444-4444-4444-4444-000000000015', '18A', 'ECONOMY'),
    ('55555555-5555-5555-5555-000000000477', '44444444-4444-4444-4444-000000000015', '18B', 'ECONOMY'),
    ('55555555-5555-5555-5555-000000000478', '44444444-4444-4444-4444-000000000015', '18C', 'ECONOMY'),
    ('55555555-5555-5555-5555-000000000479', '44444444-4444-4444-4444-000000000015', '18D', 'ECONOMY'),
    ('55555555-5555-5555-5555-000000000480', '44444444-4444-4444-4444-000000000016', '1A', 'BUSINESS'),
    ('55555555-5555-5555-5555-000000000481', '44444444-4444-4444-4444-000000000016', '1B', 'BUSINESS'),
    ('55555555-5555-5555-5555-000000000482', '44444444-4444-4444-4444-000000000016', '2A', 'PREMIUM'),
    ('55555555-5555-5555-5555-000000000483', '44444444-4444-4444-4444-000000000016', '2B', 'PREMIUM'),
    ('55555555-5555-5555-5555-000000000484', '44444444-4444-4444-4444-000000000016', '12A', 'ECONOMY'),
    ('55555555-5555-5555-5555-000000000485', '44444444-4444-4444-4444-000000000016', '12B', 'ECONOMY'),
    ('55555555-5555-5555-5555-000000000486', '44444444-4444-4444-4444-000000000016', '12C', 'ECONOMY'),
    ('55555555-5555-5555-5555-000000000487', '44444444-4444-4444-4444-000000000016', '12D', 'ECONOMY'),
    ('55555555-5555-5555-5555-000000000488', '44444444-4444-4444-4444-000000000016', '18A', 'ECONOMY'),
    ('55555555-5555-5555-5555-000000000489', '44444444-4444-4444-4444-000000000016', '18B', 'ECONOMY'),
    ('55555555-5555-5555-5555-000000000490', '44444444-4444-4444-4444-000000000016', '18C', 'ECONOMY'),
    ('55555555-5555-5555-5555-000000000491', '44444444-4444-4444-4444-000000000016', '18D', 'ECONOMY'),
    ('55555555-5555-5555-5555-000000000492', '44444444-4444-4444-4444-000000000017', '1A', 'BUSINESS'),
    ('55555555-5555-5555-5555-000000000493', '44444444-4444-4444-4444-000000000017', '1B', 'BUSINESS'),
    ('55555555-5555-5555-5555-000000000494', '44444444-4444-4444-4444-000000000017', '2A', 'PREMIUM'),
    ('55555555-5555-5555-5555-000000000495', '44444444-4444-4444-4444-000000000017', '2B', 'PREMIUM'),
    ('55555555-5555-5555-5555-000000000496', '44444444-4444-4444-4444-000000000017', '12A', 'ECONOMY'),
    ('55555555-5555-5555-5555-000000000497', '44444444-4444-4444-4444-000000000017', '12B', 'ECONOMY'),
    ('55555555-5555-5555-5555-000000000498', '44444444-4444-4444-4444-000000000017', '12C', 'ECONOMY'),
    ('55555555-5555-5555-5555-000000000499', '44444444-4444-4444-4444-000000000017', '12D', 'ECONOMY'),
    ('55555555-5555-5555-5555-000000000500', '44444444-4444-4444-4444-000000000017', '18A', 'ECONOMY'),
    ('55555555-5555-5555-5555-000000000501', '44444444-4444-4444-4444-000000000017', '18B', 'ECONOMY'),
    ('55555555-5555-5555-5555-000000000502', '44444444-4444-4444-4444-000000000017', '18C', 'ECONOMY'),
    ('55555555-5555-5555-5555-000000000503', '44444444-4444-4444-4444-000000000017', '18D', 'ECONOMY'),
    ('55555555-5555-5555-5555-000000000504', '44444444-4444-4444-4444-000000000018', '1A', 'BUSINESS'),
    ('55555555-5555-5555-5555-000000000505', '44444444-4444-4444-4444-000000000018', '1B', 'BUSINESS'),
    ('55555555-5555-5555-5555-000000000506', '44444444-4444-4444-4444-000000000018', '2A', 'PREMIUM'),
    ('55555555-5555-5555-5555-000000000507', '44444444-4444-4444-4444-000000000018', '2B', 'PREMIUM'),
    ('55555555-5555-5555-5555-000000000508', '44444444-4444-4444-4444-000000000018', '12A', 'ECONOMY'),
    ('55555555-5555-5555-5555-000000000509', '44444444-4444-4444-4444-000000000018', '12B', 'ECONOMY'),
    ('55555555-5555-5555-5555-000000000510', '44444444-4444-4444-4444-000000000018', '12C', 'ECONOMY'),
    ('55555555-5555-5555-5555-000000000511', '44444444-4444-4444-4444-000000000018', '12D', 'ECONOMY'),
    ('55555555-5555-5555-5555-000000000512', '44444444-4444-4444-4444-000000000018', '18A', 'ECONOMY'),
    ('55555555-5555-5555-5555-000000000513', '44444444-4444-4444-4444-000000000018', '18B', 'ECONOMY'),
    ('55555555-5555-5555-5555-000000000514', '44444444-4444-4444-4444-000000000018', '18C', 'ECONOMY'),
    ('55555555-5555-5555-5555-000000000515', '44444444-4444-4444-4444-000000000018', '18D', 'ECONOMY'),
    ('55555555-5555-5555-5555-000000000516', '44444444-4444-4444-4444-000000000019', '1A', 'BUSINESS'),
    ('55555555-5555-5555-5555-000000000517', '44444444-4444-4444-4444-000000000019', '1B', 'BUSINESS'),
    ('55555555-5555-5555-5555-000000000518', '44444444-4444-4444-4444-000000000019', '2A', 'PREMIUM'),
    ('55555555-5555-5555-5555-000000000519', '44444444-4444-4444-4444-000000000019', '2B', 'PREMIUM'),
    ('55555555-5555-5555-5555-000000000520', '44444444-4444-4444-4444-000000000019', '12A', 'ECONOMY'),
    ('55555555-5555-5555-5555-000000000521', '44444444-4444-4444-4444-000000000019', '12B', 'ECONOMY'),
    ('55555555-5555-5555-5555-000000000522', '44444444-4444-4444-4444-000000000019', '12C', 'ECONOMY'),
    ('55555555-5555-5555-5555-000000000523', '44444444-4444-4444-4444-000000000019', '12D', 'ECONOMY'),
    ('55555555-5555-5555-5555-000000000524', '44444444-4444-4444-4444-000000000019', '18A', 'ECONOMY'),
    ('55555555-5555-5555-5555-000000000525', '44444444-4444-4444-4444-000000000019', '18B', 'ECONOMY'),
    ('55555555-5555-5555-5555-000000000526', '44444444-4444-4444-4444-000000000019', '18C', 'ECONOMY'),
    ('55555555-5555-5555-5555-000000000527', '44444444-4444-4444-4444-000000000019', '18D', 'ECONOMY'),
    ('55555555-5555-5555-5555-000000000528', '44444444-4444-4444-4444-000000000020', '1A', 'BUSINESS'),
    ('55555555-5555-5555-5555-000000000529', '44444444-4444-4444-4444-000000000020', '1B', 'BUSINESS'),
    ('55555555-5555-5555-5555-000000000530', '44444444-4444-4444-4444-000000000020', '2A', 'PREMIUM'),
    ('55555555-5555-5555-5555-000000000531', '44444444-4444-4444-4444-000000000020', '2B', 'PREMIUM'),
    ('55555555-5555-5555-5555-000000000532', '44444444-4444-4444-4444-000000000020', '12A', 'ECONOMY'),
    ('55555555-5555-5555-5555-000000000533', '44444444-4444-4444-4444-000000000020', '12B', 'ECONOMY'),
    ('55555555-5555-5555-5555-000000000534', '44444444-4444-4444-4444-000000000020', '12C', 'ECONOMY'),
    ('55555555-5555-5555-5555-000000000535', '44444444-4444-4444-4444-000000000020', '12D', 'ECONOMY'),
    ('55555555-5555-5555-5555-000000000536', '44444444-4444-4444-4444-000000000020', '18A', 'ECONOMY'),
    ('55555555-5555-5555-5555-000000000537', '44444444-4444-4444-4444-000000000020', '18B', 'ECONOMY'),
    ('55555555-5555-5555-5555-000000000538', '44444444-4444-4444-4444-000000000020', '18C', 'ECONOMY'),
    ('55555555-5555-5555-5555-000000000539', '44444444-4444-4444-4444-000000000020', '18D', 'ECONOMY'),
    ('55555555-5555-5555-5555-000000000540', '44444444-4444-4444-4444-000000000021', '1A', 'BUSINESS'),
    ('55555555-5555-5555-5555-000000000541', '44444444-4444-4444-4444-000000000021', '1B', 'BUSINESS'),
    ('55555555-5555-5555-5555-000000000542', '44444444-4444-4444-4444-000000000021', '2A', 'PREMIUM'),
    ('55555555-5555-5555-5555-000000000543', '44444444-4444-4444-4444-000000000021', '2B', 'PREMIUM'),
    ('55555555-5555-5555-5555-000000000544', '44444444-4444-4444-4444-000000000021', '12A', 'ECONOMY'),
    ('55555555-5555-5555-5555-000000000545', '44444444-4444-4444-4444-000000000021', '12B', 'ECONOMY'),
    ('55555555-5555-5555-5555-000000000546', '44444444-4444-4444-4444-000000000021', '12C', 'ECONOMY'),
    ('55555555-5555-5555-5555-000000000547', '44444444-4444-4444-4444-000000000021', '12D', 'ECONOMY'),
    ('55555555-5555-5555-5555-000000000548', '44444444-4444-4444-4444-000000000021', '18A', 'ECONOMY'),
    ('55555555-5555-5555-5555-000000000549', '44444444-4444-4444-4444-000000000021', '18B', 'ECONOMY'),
    ('55555555-5555-5555-5555-000000000550', '44444444-4444-4444-4444-000000000021', '18C', 'ECONOMY'),
    ('55555555-5555-5555-5555-000000000551', '44444444-4444-4444-4444-000000000021', '18D', 'ECONOMY'),
    ('55555555-5555-5555-5555-000000000552', '44444444-4444-4444-4444-000000000022', '1A', 'BUSINESS'),
    ('55555555-5555-5555-5555-000000000553', '44444444-4444-4444-4444-000000000022', '1B', 'BUSINESS'),
    ('55555555-5555-5555-5555-000000000554', '44444444-4444-4444-4444-000000000022', '2A', 'PREMIUM'),
    ('55555555-5555-5555-5555-000000000555', '44444444-4444-4444-4444-000000000022', '2B', 'PREMIUM'),
    ('55555555-5555-5555-5555-000000000556', '44444444-4444-4444-4444-000000000022', '12A', 'ECONOMY'),
    ('55555555-5555-5555-5555-000000000557', '44444444-4444-4444-4444-000000000022', '12B', 'ECONOMY'),
    ('55555555-5555-5555-5555-000000000558', '44444444-4444-4444-4444-000000000022', '12C', 'ECONOMY'),
    ('55555555-5555-5555-5555-000000000559', '44444444-4444-4444-4444-000000000022', '12D', 'ECONOMY'),
    ('55555555-5555-5555-5555-000000000560', '44444444-4444-4444-4444-000000000022', '18A', 'ECONOMY'),
    ('55555555-5555-5555-5555-000000000561', '44444444-4444-4444-4444-000000000022', '18B', 'ECONOMY'),
    ('55555555-5555-5555-5555-000000000562', '44444444-4444-4444-4444-000000000022', '18C', 'ECONOMY'),
    ('55555555-5555-5555-5555-000000000563', '44444444-4444-4444-4444-000000000022', '18D', 'ECONOMY'),
    ('55555555-5555-5555-5555-000000000564', '44444444-4444-4444-4444-000000000023', '1A', 'BUSINESS'),
    ('55555555-5555-5555-5555-000000000565', '44444444-4444-4444-4444-000000000023', '1B', 'BUSINESS'),
    ('55555555-5555-5555-5555-000000000566', '44444444-4444-4444-4444-000000000023', '2A', 'PREMIUM'),
    ('55555555-5555-5555-5555-000000000567', '44444444-4444-4444-4444-000000000023', '2B', 'PREMIUM'),
    ('55555555-5555-5555-5555-000000000568', '44444444-4444-4444-4444-000000000023', '12A', 'ECONOMY'),
    ('55555555-5555-5555-5555-000000000569', '44444444-4444-4444-4444-000000000023', '12B', 'ECONOMY'),
    ('55555555-5555-5555-5555-000000000570', '44444444-4444-4444-4444-000000000023', '12C', 'ECONOMY'),
    ('55555555-5555-5555-5555-000000000571', '44444444-4444-4444-4444-000000000023', '12D', 'ECONOMY'),
    ('55555555-5555-5555-5555-000000000572', '44444444-4444-4444-4444-000000000023', '18A', 'ECONOMY'),
    ('55555555-5555-5555-5555-000000000573', '44444444-4444-4444-4444-000000000023', '18B', 'ECONOMY'),
    ('55555555-5555-5555-5555-000000000574', '44444444-4444-4444-4444-000000000023', '18C', 'ECONOMY'),
    ('55555555-5555-5555-5555-000000000575', '44444444-4444-4444-4444-000000000023', '18D', 'ECONOMY'),
    ('55555555-5555-5555-5555-000000000576', '44444444-4444-4444-4444-000000000024', '1A', 'BUSINESS'),
    ('55555555-5555-5555-5555-000000000577', '44444444-4444-4444-4444-000000000024', '1B', 'BUSINESS'),
    ('55555555-5555-5555-5555-000000000578', '44444444-4444-4444-4444-000000000024', '2A', 'PREMIUM'),
    ('55555555-5555-5555-5555-000000000579', '44444444-4444-4444-4444-000000000024', '2B', 'PREMIUM'),
    ('55555555-5555-5555-5555-000000000580', '44444444-4444-4444-4444-000000000024', '12A', 'ECONOMY'),
    ('55555555-5555-5555-5555-000000000581', '44444444-4444-4444-4444-000000000024', '12B', 'ECONOMY'),
    ('55555555-5555-5555-5555-000000000582', '44444444-4444-4444-4444-000000000024', '12C', 'ECONOMY'),
    ('55555555-5555-5555-5555-000000000583', '44444444-4444-4444-4444-000000000024', '12D', 'ECONOMY'),
    ('55555555-5555-5555-5555-000000000584', '44444444-4444-4444-4444-000000000024', '18A', 'ECONOMY'),
    ('55555555-5555-5555-5555-000000000585', '44444444-4444-4444-4444-000000000024', '18B', 'ECONOMY'),
    ('55555555-5555-5555-5555-000000000586', '44444444-4444-4444-4444-000000000024', '18C', 'ECONOMY'),
    ('55555555-5555-5555-5555-000000000587', '44444444-4444-4444-4444-000000000024', '18D', 'ECONOMY'),
    ('55555555-5555-5555-5555-000000000588', '44444444-4444-4444-4444-000000000025', '1A', 'BUSINESS'),
    ('55555555-5555-5555-5555-000000000589', '44444444-4444-4444-4444-000000000025', '1B', 'BUSINESS'),
    ('55555555-5555-5555-5555-000000000590', '44444444-4444-4444-4444-000000000025', '2A', 'PREMIUM'),
    ('55555555-5555-5555-5555-000000000591', '44444444-4444-4444-4444-000000000025', '2B', 'PREMIUM'),
    ('55555555-5555-5555-5555-000000000592', '44444444-4444-4444-4444-000000000025', '12A', 'ECONOMY'),
    ('55555555-5555-5555-5555-000000000593', '44444444-4444-4444-4444-000000000025', '12B', 'ECONOMY'),
    ('55555555-5555-5555-5555-000000000594', '44444444-4444-4444-4444-000000000025', '12C', 'ECONOMY'),
    ('55555555-5555-5555-5555-000000000595', '44444444-4444-4444-4444-000000000025', '12D', 'ECONOMY'),
    ('55555555-5555-5555-5555-000000000596', '44444444-4444-4444-4444-000000000025', '18A', 'ECONOMY'),
    ('55555555-5555-5555-5555-000000000597', '44444444-4444-4444-4444-000000000025', '18B', 'ECONOMY'),
    ('55555555-5555-5555-5555-000000000598', '44444444-4444-4444-4444-000000000025', '18C', 'ECONOMY'),
    ('55555555-5555-5555-5555-000000000599', '44444444-4444-4444-4444-000000000025', '18D', 'ECONOMY'),
    ('55555555-5555-5555-5555-000000000600', '44444444-4444-4444-4444-000000000026', '1A', 'BUSINESS'),
    ('55555555-5555-5555-5555-000000000601', '44444444-4444-4444-4444-000000000026', '1B', 'BUSINESS'),
    ('55555555-5555-5555-5555-000000000602', '44444444-4444-4444-4444-000000000026', '2A', 'PREMIUM'),
    ('55555555-5555-5555-5555-000000000603', '44444444-4444-4444-4444-000000000026', '2B', 'PREMIUM'),
    ('55555555-5555-5555-5555-000000000604', '44444444-4444-4444-4444-000000000026', '12A', 'ECONOMY'),
    ('55555555-5555-5555-5555-000000000605', '44444444-4444-4444-4444-000000000026', '12B', 'ECONOMY'),
    ('55555555-5555-5555-5555-000000000606', '44444444-4444-4444-4444-000000000026', '12C', 'ECONOMY'),
    ('55555555-5555-5555-5555-000000000607', '44444444-4444-4444-4444-000000000026', '12D', 'ECONOMY'),
    ('55555555-5555-5555-5555-000000000608', '44444444-4444-4444-4444-000000000026', '18A', 'ECONOMY'),
    ('55555555-5555-5555-5555-000000000609', '44444444-4444-4444-4444-000000000026', '18B', 'ECONOMY'),
    ('55555555-5555-5555-5555-000000000610', '44444444-4444-4444-4444-000000000026', '18C', 'ECONOMY'),
    ('55555555-5555-5555-5555-000000000611', '44444444-4444-4444-4444-000000000026', '18D', 'ECONOMY'),
    ('55555555-5555-5555-5555-000000000612', '44444444-4444-4444-4444-000000000027', '1A', 'BUSINESS'),
    ('55555555-5555-5555-5555-000000000613', '44444444-4444-4444-4444-000000000027', '1B', 'BUSINESS'),
    ('55555555-5555-5555-5555-000000000614', '44444444-4444-4444-4444-000000000027', '2A', 'PREMIUM'),
    ('55555555-5555-5555-5555-000000000615', '44444444-4444-4444-4444-000000000027', '2B', 'PREMIUM'),
    ('55555555-5555-5555-5555-000000000616', '44444444-4444-4444-4444-000000000027', '12A', 'ECONOMY'),
    ('55555555-5555-5555-5555-000000000617', '44444444-4444-4444-4444-000000000027', '12B', 'ECONOMY'),
    ('55555555-5555-5555-5555-000000000618', '44444444-4444-4444-4444-000000000027', '12C', 'ECONOMY'),
    ('55555555-5555-5555-5555-000000000619', '44444444-4444-4444-4444-000000000027', '12D', 'ECONOMY'),
    ('55555555-5555-5555-5555-000000000620', '44444444-4444-4444-4444-000000000027', '18A', 'ECONOMY'),
    ('55555555-5555-5555-5555-000000000621', '44444444-4444-4444-4444-000000000027', '18B', 'ECONOMY'),
    ('55555555-5555-5555-5555-000000000622', '44444444-4444-4444-4444-000000000027', '18C', 'ECONOMY'),
    ('55555555-5555-5555-5555-000000000623', '44444444-4444-4444-4444-000000000027', '18D', 'ECONOMY'),
    ('55555555-5555-5555-5555-000000000624', '44444444-4444-4444-4444-000000000028', '1A', 'BUSINESS'),
    ('55555555-5555-5555-5555-000000000625', '44444444-4444-4444-4444-000000000028', '1B', 'BUSINESS'),
    ('55555555-5555-5555-5555-000000000626', '44444444-4444-4444-4444-000000000028', '2A', 'PREMIUM'),
    ('55555555-5555-5555-5555-000000000627', '44444444-4444-4444-4444-000000000028', '2B', 'PREMIUM'),
    ('55555555-5555-5555-5555-000000000628', '44444444-4444-4444-4444-000000000028', '12A', 'ECONOMY'),
    ('55555555-5555-5555-5555-000000000629', '44444444-4444-4444-4444-000000000028', '12B', 'ECONOMY'),
    ('55555555-5555-5555-5555-000000000630', '44444444-4444-4444-4444-000000000028', '12C', 'ECONOMY'),
    ('55555555-5555-5555-5555-000000000631', '44444444-4444-4444-4444-000000000028', '12D', 'ECONOMY'),
    ('55555555-5555-5555-5555-000000000632', '44444444-4444-4444-4444-000000000028', '18A', 'ECONOMY'),
    ('55555555-5555-5555-5555-000000000633', '44444444-4444-4444-4444-000000000028', '18B', 'ECONOMY'),
    ('55555555-5555-5555-5555-000000000634', '44444444-4444-4444-4444-000000000028', '18C', 'ECONOMY'),
    ('55555555-5555-5555-5555-000000000635', '44444444-4444-4444-4444-000000000028', '18D', 'ECONOMY'),
    ('55555555-5555-5555-5555-000000000636', '44444444-4444-4444-4444-000000000029', '1A', 'BUSINESS'),
    ('55555555-5555-5555-5555-000000000637', '44444444-4444-4444-4444-000000000029', '1B', 'BUSINESS'),
    ('55555555-5555-5555-5555-000000000638', '44444444-4444-4444-4444-000000000029', '2A', 'PREMIUM'),
    ('55555555-5555-5555-5555-000000000639', '44444444-4444-4444-4444-000000000029', '2B', 'PREMIUM'),
    ('55555555-5555-5555-5555-000000000640', '44444444-4444-4444-4444-000000000029', '12A', 'ECONOMY'),
    ('55555555-5555-5555-5555-000000000641', '44444444-4444-4444-4444-000000000029', '12B', 'ECONOMY'),
    ('55555555-5555-5555-5555-000000000642', '44444444-4444-4444-4444-000000000029', '12C', 'ECONOMY'),
    ('55555555-5555-5555-5555-000000000643', '44444444-4444-4444-4444-000000000029', '12D', 'ECONOMY'),
    ('55555555-5555-5555-5555-000000000644', '44444444-4444-4444-4444-000000000029', '18A', 'ECONOMY'),
    ('55555555-5555-5555-5555-000000000645', '44444444-4444-4444-4444-000000000029', '18B', 'ECONOMY'),
    ('55555555-5555-5555-5555-000000000646', '44444444-4444-4444-4444-000000000029', '18C', 'ECONOMY'),
    ('55555555-5555-5555-5555-000000000647', '44444444-4444-4444-4444-000000000029', '18D', 'ECONOMY'),
    ('55555555-5555-5555-5555-000000000648', '44444444-4444-4444-4444-000000000030', '1A', 'BUSINESS'),
    ('55555555-5555-5555-5555-000000000649', '44444444-4444-4444-4444-000000000030', '1B', 'BUSINESS'),
    ('55555555-5555-5555-5555-000000000650', '44444444-4444-4444-4444-000000000030', '2A', 'PREMIUM'),
    ('55555555-5555-5555-5555-000000000651', '44444444-4444-4444-4444-000000000030', '2B', 'PREMIUM'),
    ('55555555-5555-5555-5555-000000000652', '44444444-4444-4444-4444-000000000030', '12A', 'ECONOMY'),
    ('55555555-5555-5555-5555-000000000653', '44444444-4444-4444-4444-000000000030', '12B', 'ECONOMY'),
    ('55555555-5555-5555-5555-000000000654', '44444444-4444-4444-4444-000000000030', '12C', 'ECONOMY'),
    ('55555555-5555-5555-5555-000000000655', '44444444-4444-4444-4444-000000000030', '12D', 'ECONOMY'),
    ('55555555-5555-5555-5555-000000000656', '44444444-4444-4444-4444-000000000030', '18A', 'ECONOMY'),
    ('55555555-5555-5555-5555-000000000657', '44444444-4444-4444-4444-000000000030', '18B', 'ECONOMY'),
    ('55555555-5555-5555-5555-000000000658', '44444444-4444-4444-4444-000000000030', '18C', 'ECONOMY'),
    ('55555555-5555-5555-5555-000000000659', '44444444-4444-4444-4444-000000000030', '18D', 'ECONOMY'),
    ('55555555-5555-5555-5555-000000000660', '44444444-4444-4444-4444-000000000031', '1A', 'BUSINESS'),
    ('55555555-5555-5555-5555-000000000661', '44444444-4444-4444-4444-000000000031', '1B', 'BUSINESS'),
    ('55555555-5555-5555-5555-000000000662', '44444444-4444-4444-4444-000000000031', '2A', 'PREMIUM'),
    ('55555555-5555-5555-5555-000000000663', '44444444-4444-4444-4444-000000000031', '2B', 'PREMIUM'),
    ('55555555-5555-5555-5555-000000000664', '44444444-4444-4444-4444-000000000031', '12A', 'ECONOMY'),
    ('55555555-5555-5555-5555-000000000665', '44444444-4444-4444-4444-000000000031', '12B', 'ECONOMY'),
    ('55555555-5555-5555-5555-000000000666', '44444444-4444-4444-4444-000000000031', '12C', 'ECONOMY'),
    ('55555555-5555-5555-5555-000000000667', '44444444-4444-4444-4444-000000000031', '12D', 'ECONOMY'),
    ('55555555-5555-5555-5555-000000000668', '44444444-4444-4444-4444-000000000031', '18A', 'ECONOMY'),
    ('55555555-5555-5555-5555-000000000669', '44444444-4444-4444-4444-000000000031', '18B', 'ECONOMY'),
    ('55555555-5555-5555-5555-000000000670', '44444444-4444-4444-4444-000000000031', '18C', 'ECONOMY'),
    ('55555555-5555-5555-5555-000000000671', '44444444-4444-4444-4444-000000000031', '18D', 'ECONOMY'),
    ('55555555-5555-5555-5555-000000000672', '44444444-4444-4444-4444-000000000032', '1A', 'BUSINESS'),
    ('55555555-5555-5555-5555-000000000673', '44444444-4444-4444-4444-000000000032', '1B', 'BUSINESS'),
    ('55555555-5555-5555-5555-000000000674', '44444444-4444-4444-4444-000000000032', '2A', 'PREMIUM'),
    ('55555555-5555-5555-5555-000000000675', '44444444-4444-4444-4444-000000000032', '2B', 'PREMIUM'),
    ('55555555-5555-5555-5555-000000000676', '44444444-4444-4444-4444-000000000032', '12A', 'ECONOMY'),
    ('55555555-5555-5555-5555-000000000677', '44444444-4444-4444-4444-000000000032', '12B', 'ECONOMY'),
    ('55555555-5555-5555-5555-000000000678', '44444444-4444-4444-4444-000000000032', '12C', 'ECONOMY'),
    ('55555555-5555-5555-5555-000000000679', '44444444-4444-4444-4444-000000000032', '12D', 'ECONOMY'),
    ('55555555-5555-5555-5555-000000000680', '44444444-4444-4444-4444-000000000032', '18A', 'ECONOMY'),
    ('55555555-5555-5555-5555-000000000681', '44444444-4444-4444-4444-000000000032', '18B', 'ECONOMY'),
    ('55555555-5555-5555-5555-000000000682', '44444444-4444-4444-4444-000000000032', '18C', 'ECONOMY'),
    ('55555555-5555-5555-5555-000000000683', '44444444-4444-4444-4444-000000000032', '18D', 'ECONOMY'),
    ('55555555-5555-5555-5555-000000000684', '44444444-4444-4444-4444-000000000033', '1A', 'BUSINESS'),
    ('55555555-5555-5555-5555-000000000685', '44444444-4444-4444-4444-000000000033', '1B', 'BUSINESS'),
    ('55555555-5555-5555-5555-000000000686', '44444444-4444-4444-4444-000000000033', '2A', 'PREMIUM'),
    ('55555555-5555-5555-5555-000000000687', '44444444-4444-4444-4444-000000000033', '2B', 'PREMIUM'),
    ('55555555-5555-5555-5555-000000000688', '44444444-4444-4444-4444-000000000033', '12A', 'ECONOMY'),
    ('55555555-5555-5555-5555-000000000689', '44444444-4444-4444-4444-000000000033', '12B', 'ECONOMY'),
    ('55555555-5555-5555-5555-000000000690', '44444444-4444-4444-4444-000000000033', '12C', 'ECONOMY'),
    ('55555555-5555-5555-5555-000000000691', '44444444-4444-4444-4444-000000000033', '12D', 'ECONOMY'),
    ('55555555-5555-5555-5555-000000000692', '44444444-4444-4444-4444-000000000033', '18A', 'ECONOMY'),
    ('55555555-5555-5555-5555-000000000693', '44444444-4444-4444-4444-000000000033', '18B', 'ECONOMY'),
    ('55555555-5555-5555-5555-000000000694', '44444444-4444-4444-4444-000000000033', '18C', 'ECONOMY'),
    ('55555555-5555-5555-5555-000000000695', '44444444-4444-4444-4444-000000000033', '18D', 'ECONOMY'),
    ('55555555-5555-5555-5555-000000000696', '44444444-4444-4444-4444-000000000034', '1A', 'BUSINESS'),
    ('55555555-5555-5555-5555-000000000697', '44444444-4444-4444-4444-000000000034', '1B', 'BUSINESS'),
    ('55555555-5555-5555-5555-000000000698', '44444444-4444-4444-4444-000000000034', '2A', 'PREMIUM'),
    ('55555555-5555-5555-5555-000000000699', '44444444-4444-4444-4444-000000000034', '2B', 'PREMIUM'),
    ('55555555-5555-5555-5555-000000000700', '44444444-4444-4444-4444-000000000034', '12A', 'ECONOMY'),
    ('55555555-5555-5555-5555-000000000701', '44444444-4444-4444-4444-000000000034', '12B', 'ECONOMY'),
    ('55555555-5555-5555-5555-000000000702', '44444444-4444-4444-4444-000000000034', '12C', 'ECONOMY'),
    ('55555555-5555-5555-5555-000000000703', '44444444-4444-4444-4444-000000000034', '12D', 'ECONOMY'),
    ('55555555-5555-5555-5555-000000000704', '44444444-4444-4444-4444-000000000034', '18A', 'ECONOMY'),
    ('55555555-5555-5555-5555-000000000705', '44444444-4444-4444-4444-000000000034', '18B', 'ECONOMY'),
    ('55555555-5555-5555-5555-000000000706', '44444444-4444-4444-4444-000000000034', '18C', 'ECONOMY'),
    ('55555555-5555-5555-5555-000000000707', '44444444-4444-4444-4444-000000000034', '18D', 'ECONOMY'),
    ('55555555-5555-5555-5555-000000000708', '44444444-4444-4444-4444-000000000035', '1A', 'BUSINESS'),
    ('55555555-5555-5555-5555-000000000709', '44444444-4444-4444-4444-000000000035', '1B', 'BUSINESS'),
    ('55555555-5555-5555-5555-000000000710', '44444444-4444-4444-4444-000000000035', '2A', 'PREMIUM'),
    ('55555555-5555-5555-5555-000000000711', '44444444-4444-4444-4444-000000000035', '2B', 'PREMIUM'),
    ('55555555-5555-5555-5555-000000000712', '44444444-4444-4444-4444-000000000035', '12A', 'ECONOMY'),
    ('55555555-5555-5555-5555-000000000713', '44444444-4444-4444-4444-000000000035', '12B', 'ECONOMY'),
    ('55555555-5555-5555-5555-000000000714', '44444444-4444-4444-4444-000000000035', '12C', 'ECONOMY'),
    ('55555555-5555-5555-5555-000000000715', '44444444-4444-4444-4444-000000000035', '12D', 'ECONOMY'),
    ('55555555-5555-5555-5555-000000000716', '44444444-4444-4444-4444-000000000035', '18A', 'ECONOMY'),
    ('55555555-5555-5555-5555-000000000717', '44444444-4444-4444-4444-000000000035', '18B', 'ECONOMY'),
    ('55555555-5555-5555-5555-000000000718', '44444444-4444-4444-4444-000000000035', '18C', 'ECONOMY'),
    ('55555555-5555-5555-5555-000000000719', '44444444-4444-4444-4444-000000000035', '18D', 'ECONOMY'),
    ('55555555-5555-5555-5555-000000000720', '44444444-4444-4444-4444-000000000036', '1A', 'BUSINESS'),
    ('55555555-5555-5555-5555-000000000721', '44444444-4444-4444-4444-000000000036', '1B', 'BUSINESS'),
    ('55555555-5555-5555-5555-000000000722', '44444444-4444-4444-4444-000000000036', '2A', 'PREMIUM'),
    ('55555555-5555-5555-5555-000000000723', '44444444-4444-4444-4444-000000000036', '2B', 'PREMIUM'),
    ('55555555-5555-5555-5555-000000000724', '44444444-4444-4444-4444-000000000036', '12A', 'ECONOMY'),
    ('55555555-5555-5555-5555-000000000725', '44444444-4444-4444-4444-000000000036', '12B', 'ECONOMY'),
    ('55555555-5555-5555-5555-000000000726', '44444444-4444-4444-4444-000000000036', '12C', 'ECONOMY'),
    ('55555555-5555-5555-5555-000000000727', '44444444-4444-4444-4444-000000000036', '12D', 'ECONOMY'),
    ('55555555-5555-5555-5555-000000000728', '44444444-4444-4444-4444-000000000036', '18A', 'ECONOMY'),
    ('55555555-5555-5555-5555-000000000729', '44444444-4444-4444-4444-000000000036', '18B', 'ECONOMY'),
    ('55555555-5555-5555-5555-000000000730', '44444444-4444-4444-4444-000000000036', '18C', 'ECONOMY'),
    ('55555555-5555-5555-5555-000000000731', '44444444-4444-4444-4444-000000000036', '18D', 'ECONOMY'),
    ('55555555-5555-5555-5555-000000000732', '44444444-4444-4444-4444-000000000037', '1A', 'BUSINESS'),
    ('55555555-5555-5555-5555-000000000733', '44444444-4444-4444-4444-000000000037', '1B', 'BUSINESS'),
    ('55555555-5555-5555-5555-000000000734', '44444444-4444-4444-4444-000000000037', '2A', 'PREMIUM'),
    ('55555555-5555-5555-5555-000000000735', '44444444-4444-4444-4444-000000000037', '2B', 'PREMIUM'),
    ('55555555-5555-5555-5555-000000000736', '44444444-4444-4444-4444-000000000037', '12A', 'ECONOMY'),
    ('55555555-5555-5555-5555-000000000737', '44444444-4444-4444-4444-000000000037', '12B', 'ECONOMY'),
    ('55555555-5555-5555-5555-000000000738', '44444444-4444-4444-4444-000000000037', '12C', 'ECONOMY'),
    ('55555555-5555-5555-5555-000000000739', '44444444-4444-4444-4444-000000000037', '12D', 'ECONOMY'),
    ('55555555-5555-5555-5555-000000000740', '44444444-4444-4444-4444-000000000037', '18A', 'ECONOMY'),
    ('55555555-5555-5555-5555-000000000741', '44444444-4444-4444-4444-000000000037', '18B', 'ECONOMY'),
    ('55555555-5555-5555-5555-000000000742', '44444444-4444-4444-4444-000000000037', '18C', 'ECONOMY'),
    ('55555555-5555-5555-5555-000000000743', '44444444-4444-4444-4444-000000000037', '18D', 'ECONOMY'),
    ('55555555-5555-5555-5555-000000000744', '44444444-4444-4444-4444-000000000038', '1A', 'BUSINESS'),
    ('55555555-5555-5555-5555-000000000745', '44444444-4444-4444-4444-000000000038', '1B', 'BUSINESS'),
    ('55555555-5555-5555-5555-000000000746', '44444444-4444-4444-4444-000000000038', '2A', 'PREMIUM'),
    ('55555555-5555-5555-5555-000000000747', '44444444-4444-4444-4444-000000000038', '2B', 'PREMIUM'),
    ('55555555-5555-5555-5555-000000000748', '44444444-4444-4444-4444-000000000038', '12A', 'ECONOMY'),
    ('55555555-5555-5555-5555-000000000749', '44444444-4444-4444-4444-000000000038', '12B', 'ECONOMY'),
    ('55555555-5555-5555-5555-000000000750', '44444444-4444-4444-4444-000000000038', '12C', 'ECONOMY'),
    ('55555555-5555-5555-5555-000000000751', '44444444-4444-4444-4444-000000000038', '12D', 'ECONOMY'),
    ('55555555-5555-5555-5555-000000000752', '44444444-4444-4444-4444-000000000038', '18A', 'ECONOMY'),
    ('55555555-5555-5555-5555-000000000753', '44444444-4444-4444-4444-000000000038', '18B', 'ECONOMY'),
    ('55555555-5555-5555-5555-000000000754', '44444444-4444-4444-4444-000000000038', '18C', 'ECONOMY'),
    ('55555555-5555-5555-5555-000000000755', '44444444-4444-4444-4444-000000000038', '18D', 'ECONOMY'),
    ('55555555-5555-5555-5555-000000000756', '44444444-4444-4444-4444-000000000039', '1A', 'BUSINESS'),
    ('55555555-5555-5555-5555-000000000757', '44444444-4444-4444-4444-000000000039', '1B', 'BUSINESS'),
    ('55555555-5555-5555-5555-000000000758', '44444444-4444-4444-4444-000000000039', '2A', 'PREMIUM'),
    ('55555555-5555-5555-5555-000000000759', '44444444-4444-4444-4444-000000000039', '2B', 'PREMIUM'),
    ('55555555-5555-5555-5555-000000000760', '44444444-4444-4444-4444-000000000039', '12A', 'ECONOMY'),
    ('55555555-5555-5555-5555-000000000761', '44444444-4444-4444-4444-000000000039', '12B', 'ECONOMY'),
    ('55555555-5555-5555-5555-000000000762', '44444444-4444-4444-4444-000000000039', '12C', 'ECONOMY'),
    ('55555555-5555-5555-5555-000000000763', '44444444-4444-4444-4444-000000000039', '12D', 'ECONOMY'),
    ('55555555-5555-5555-5555-000000000764', '44444444-4444-4444-4444-000000000039', '18A', 'ECONOMY'),
    ('55555555-5555-5555-5555-000000000765', '44444444-4444-4444-4444-000000000039', '18B', 'ECONOMY'),
    ('55555555-5555-5555-5555-000000000766', '44444444-4444-4444-4444-000000000039', '18C', 'ECONOMY'),
    ('55555555-5555-5555-5555-000000000767', '44444444-4444-4444-4444-000000000039', '18D', 'ECONOMY'),
    ('55555555-5555-5555-5555-000000000768', '44444444-4444-4444-4444-000000000040', '1A', 'BUSINESS'),
    ('55555555-5555-5555-5555-000000000769', '44444444-4444-4444-4444-000000000040', '1B', 'BUSINESS'),
    ('55555555-5555-5555-5555-000000000770', '44444444-4444-4444-4444-000000000040', '2A', 'PREMIUM'),
    ('55555555-5555-5555-5555-000000000771', '44444444-4444-4444-4444-000000000040', '2B', 'PREMIUM'),
    ('55555555-5555-5555-5555-000000000772', '44444444-4444-4444-4444-000000000040', '12A', 'ECONOMY'),
    ('55555555-5555-5555-5555-000000000773', '44444444-4444-4444-4444-000000000040', '12B', 'ECONOMY'),
    ('55555555-5555-5555-5555-000000000774', '44444444-4444-4444-4444-000000000040', '12C', 'ECONOMY'),
    ('55555555-5555-5555-5555-000000000775', '44444444-4444-4444-4444-000000000040', '12D', 'ECONOMY'),
    ('55555555-5555-5555-5555-000000000776', '44444444-4444-4444-4444-000000000040', '18A', 'ECONOMY'),
    ('55555555-5555-5555-5555-000000000777', '44444444-4444-4444-4444-000000000040', '18B', 'ECONOMY'),
    ('55555555-5555-5555-5555-000000000778', '44444444-4444-4444-4444-000000000040', '18C', 'ECONOMY'),
    ('55555555-5555-5555-5555-000000000779', '44444444-4444-4444-4444-000000000040', '18D', 'ECONOMY'),
    ('55555555-5555-5555-5555-000000000780', '44444444-4444-4444-4444-000000000041', '1A', 'BUSINESS'),
    ('55555555-5555-5555-5555-000000000781', '44444444-4444-4444-4444-000000000041', '1B', 'BUSINESS'),
    ('55555555-5555-5555-5555-000000000782', '44444444-4444-4444-4444-000000000041', '2A', 'PREMIUM'),
    ('55555555-5555-5555-5555-000000000783', '44444444-4444-4444-4444-000000000041', '2B', 'PREMIUM'),
    ('55555555-5555-5555-5555-000000000784', '44444444-4444-4444-4444-000000000041', '12A', 'ECONOMY'),
    ('55555555-5555-5555-5555-000000000785', '44444444-4444-4444-4444-000000000041', '12B', 'ECONOMY'),
    ('55555555-5555-5555-5555-000000000786', '44444444-4444-4444-4444-000000000041', '12C', 'ECONOMY'),
    ('55555555-5555-5555-5555-000000000787', '44444444-4444-4444-4444-000000000041', '12D', 'ECONOMY'),
    ('55555555-5555-5555-5555-000000000788', '44444444-4444-4444-4444-000000000041', '18A', 'ECONOMY'),
    ('55555555-5555-5555-5555-000000000789', '44444444-4444-4444-4444-000000000041', '18B', 'ECONOMY'),
    ('55555555-5555-5555-5555-000000000790', '44444444-4444-4444-4444-000000000041', '18C', 'ECONOMY'),
    ('55555555-5555-5555-5555-000000000791', '44444444-4444-4444-4444-000000000041', '18D', 'ECONOMY'),
    ('55555555-5555-5555-5555-000000000792', '44444444-4444-4444-4444-000000000042', '1A', 'BUSINESS'),
    ('55555555-5555-5555-5555-000000000793', '44444444-4444-4444-4444-000000000042', '1B', 'BUSINESS'),
    ('55555555-5555-5555-5555-000000000794', '44444444-4444-4444-4444-000000000042', '2A', 'PREMIUM'),
    ('55555555-5555-5555-5555-000000000795', '44444444-4444-4444-4444-000000000042', '2B', 'PREMIUM'),
    ('55555555-5555-5555-5555-000000000796', '44444444-4444-4444-4444-000000000042', '12A', 'ECONOMY'),
    ('55555555-5555-5555-5555-000000000797', '44444444-4444-4444-4444-000000000042', '12B', 'ECONOMY'),
    ('55555555-5555-5555-5555-000000000798', '44444444-4444-4444-4444-000000000042', '12C', 'ECONOMY'),
    ('55555555-5555-5555-5555-000000000799', '44444444-4444-4444-4444-000000000042', '12D', 'ECONOMY'),
    ('55555555-5555-5555-5555-000000000800', '44444444-4444-4444-4444-000000000042', '18A', 'ECONOMY'),
    ('55555555-5555-5555-5555-000000000801', '44444444-4444-4444-4444-000000000042', '18B', 'ECONOMY'),
    ('55555555-5555-5555-5555-000000000802', '44444444-4444-4444-4444-000000000042', '18C', 'ECONOMY'),
    ('55555555-5555-5555-5555-000000000803', '44444444-4444-4444-4444-000000000042', '18D', 'ECONOMY'),
    ('55555555-5555-5555-5555-000000000804', '44444444-4444-4444-4444-000000000043', '1A', 'BUSINESS'),
    ('55555555-5555-5555-5555-000000000805', '44444444-4444-4444-4444-000000000043', '1B', 'BUSINESS'),
    ('55555555-5555-5555-5555-000000000806', '44444444-4444-4444-4444-000000000043', '2A', 'PREMIUM'),
    ('55555555-5555-5555-5555-000000000807', '44444444-4444-4444-4444-000000000043', '2B', 'PREMIUM'),
    ('55555555-5555-5555-5555-000000000808', '44444444-4444-4444-4444-000000000043', '12A', 'ECONOMY'),
    ('55555555-5555-5555-5555-000000000809', '44444444-4444-4444-4444-000000000043', '12B', 'ECONOMY'),
    ('55555555-5555-5555-5555-000000000810', '44444444-4444-4444-4444-000000000043', '12C', 'ECONOMY'),
    ('55555555-5555-5555-5555-000000000811', '44444444-4444-4444-4444-000000000043', '12D', 'ECONOMY'),
    ('55555555-5555-5555-5555-000000000812', '44444444-4444-4444-4444-000000000043', '18A', 'ECONOMY'),
    ('55555555-5555-5555-5555-000000000813', '44444444-4444-4444-4444-000000000043', '18B', 'ECONOMY'),
    ('55555555-5555-5555-5555-000000000814', '44444444-4444-4444-4444-000000000043', '18C', 'ECONOMY'),
    ('55555555-5555-5555-5555-000000000815', '44444444-4444-4444-4444-000000000043', '18D', 'ECONOMY'),
    ('55555555-5555-5555-5555-000000000816', '44444444-4444-4444-4444-000000000044', '1A', 'BUSINESS'),
    ('55555555-5555-5555-5555-000000000817', '44444444-4444-4444-4444-000000000044', '1B', 'BUSINESS'),
    ('55555555-5555-5555-5555-000000000818', '44444444-4444-4444-4444-000000000044', '2A', 'PREMIUM'),
    ('55555555-5555-5555-5555-000000000819', '44444444-4444-4444-4444-000000000044', '2B', 'PREMIUM'),
    ('55555555-5555-5555-5555-000000000820', '44444444-4444-4444-4444-000000000044', '12A', 'ECONOMY'),
    ('55555555-5555-5555-5555-000000000821', '44444444-4444-4444-4444-000000000044', '12B', 'ECONOMY'),
    ('55555555-5555-5555-5555-000000000822', '44444444-4444-4444-4444-000000000044', '12C', 'ECONOMY'),
    ('55555555-5555-5555-5555-000000000823', '44444444-4444-4444-4444-000000000044', '12D', 'ECONOMY'),
    ('55555555-5555-5555-5555-000000000824', '44444444-4444-4444-4444-000000000044', '18A', 'ECONOMY'),
    ('55555555-5555-5555-5555-000000000825', '44444444-4444-4444-4444-000000000044', '18B', 'ECONOMY'),
    ('55555555-5555-5555-5555-000000000826', '44444444-4444-4444-4444-000000000044', '18C', 'ECONOMY'),
    ('55555555-5555-5555-5555-000000000827', '44444444-4444-4444-4444-000000000044', '18D', 'ECONOMY'),
    ('55555555-5555-5555-5555-000000000828', '44444444-4444-4444-4444-000000000045', '1A', 'BUSINESS'),
    ('55555555-5555-5555-5555-000000000829', '44444444-4444-4444-4444-000000000045', '1B', 'BUSINESS'),
    ('55555555-5555-5555-5555-000000000830', '44444444-4444-4444-4444-000000000045', '2A', 'PREMIUM'),
    ('55555555-5555-5555-5555-000000000831', '44444444-4444-4444-4444-000000000045', '2B', 'PREMIUM'),
    ('55555555-5555-5555-5555-000000000832', '44444444-4444-4444-4444-000000000045', '12A', 'ECONOMY'),
    ('55555555-5555-5555-5555-000000000833', '44444444-4444-4444-4444-000000000045', '12B', 'ECONOMY'),
    ('55555555-5555-5555-5555-000000000834', '44444444-4444-4444-4444-000000000045', '12C', 'ECONOMY'),
    ('55555555-5555-5555-5555-000000000835', '44444444-4444-4444-4444-000000000045', '12D', 'ECONOMY'),
    ('55555555-5555-5555-5555-000000000836', '44444444-4444-4444-4444-000000000045', '18A', 'ECONOMY'),
    ('55555555-5555-5555-5555-000000000837', '44444444-4444-4444-4444-000000000045', '18B', 'ECONOMY'),
    ('55555555-5555-5555-5555-000000000838', '44444444-4444-4444-4444-000000000045', '18C', 'ECONOMY'),
    ('55555555-5555-5555-5555-000000000839', '44444444-4444-4444-4444-000000000045', '18D', 'ECONOMY'),
    ('55555555-5555-5555-5555-000000000840', '44444444-4444-4444-4444-000000000046', '1A', 'BUSINESS'),
    ('55555555-5555-5555-5555-000000000841', '44444444-4444-4444-4444-000000000046', '1B', 'BUSINESS'),
    ('55555555-5555-5555-5555-000000000842', '44444444-4444-4444-4444-000000000046', '2A', 'PREMIUM'),
    ('55555555-5555-5555-5555-000000000843', '44444444-4444-4444-4444-000000000046', '2B', 'PREMIUM'),
    ('55555555-5555-5555-5555-000000000844', '44444444-4444-4444-4444-000000000046', '12A', 'ECONOMY'),
    ('55555555-5555-5555-5555-000000000845', '44444444-4444-4444-4444-000000000046', '12B', 'ECONOMY'),
    ('55555555-5555-5555-5555-000000000846', '44444444-4444-4444-4444-000000000046', '12C', 'ECONOMY'),
    ('55555555-5555-5555-5555-000000000847', '44444444-4444-4444-4444-000000000046', '12D', 'ECONOMY'),
    ('55555555-5555-5555-5555-000000000848', '44444444-4444-4444-4444-000000000046', '18A', 'ECONOMY'),
    ('55555555-5555-5555-5555-000000000849', '44444444-4444-4444-4444-000000000046', '18B', 'ECONOMY'),
    ('55555555-5555-5555-5555-000000000850', '44444444-4444-4444-4444-000000000046', '18C', 'ECONOMY'),
    ('55555555-5555-5555-5555-000000000851', '44444444-4444-4444-4444-000000000046', '18D', 'ECONOMY'),
    ('55555555-5555-5555-5555-000000000852', '44444444-4444-4444-4444-000000000047', '1A', 'BUSINESS'),
    ('55555555-5555-5555-5555-000000000853', '44444444-4444-4444-4444-000000000047', '1B', 'BUSINESS'),
    ('55555555-5555-5555-5555-000000000854', '44444444-4444-4444-4444-000000000047', '2A', 'PREMIUM'),
    ('55555555-5555-5555-5555-000000000855', '44444444-4444-4444-4444-000000000047', '2B', 'PREMIUM'),
    ('55555555-5555-5555-5555-000000000856', '44444444-4444-4444-4444-000000000047', '12A', 'ECONOMY'),
    ('55555555-5555-5555-5555-000000000857', '44444444-4444-4444-4444-000000000047', '12B', 'ECONOMY'),
    ('55555555-5555-5555-5555-000000000858', '44444444-4444-4444-4444-000000000047', '12C', 'ECONOMY'),
    ('55555555-5555-5555-5555-000000000859', '44444444-4444-4444-4444-000000000047', '12D', 'ECONOMY'),
    ('55555555-5555-5555-5555-000000000860', '44444444-4444-4444-4444-000000000047', '18A', 'ECONOMY'),
    ('55555555-5555-5555-5555-000000000861', '44444444-4444-4444-4444-000000000047', '18B', 'ECONOMY'),
    ('55555555-5555-5555-5555-000000000862', '44444444-4444-4444-4444-000000000047', '18C', 'ECONOMY'),
    ('55555555-5555-5555-5555-000000000863', '44444444-4444-4444-4444-000000000047', '18D', 'ECONOMY'),
    ('55555555-5555-5555-5555-000000000864', '44444444-4444-4444-4444-000000000048', '1A', 'BUSINESS'),
    ('55555555-5555-5555-5555-000000000865', '44444444-4444-4444-4444-000000000048', '1B', 'BUSINESS'),
    ('55555555-5555-5555-5555-000000000866', '44444444-4444-4444-4444-000000000048', '2A', 'PREMIUM'),
    ('55555555-5555-5555-5555-000000000867', '44444444-4444-4444-4444-000000000048', '2B', 'PREMIUM'),
    ('55555555-5555-5555-5555-000000000868', '44444444-4444-4444-4444-000000000048', '12A', 'ECONOMY'),
    ('55555555-5555-5555-5555-000000000869', '44444444-4444-4444-4444-000000000048', '12B', 'ECONOMY'),
    ('55555555-5555-5555-5555-000000000870', '44444444-4444-4444-4444-000000000048', '12C', 'ECONOMY'),
    ('55555555-5555-5555-5555-000000000871', '44444444-4444-4444-4444-000000000048', '12D', 'ECONOMY'),
    ('55555555-5555-5555-5555-000000000872', '44444444-4444-4444-4444-000000000048', '18A', 'ECONOMY'),
    ('55555555-5555-5555-5555-000000000873', '44444444-4444-4444-4444-000000000048', '18B', 'ECONOMY'),
    ('55555555-5555-5555-5555-000000000874', '44444444-4444-4444-4444-000000000048', '18C', 'ECONOMY'),
    ('55555555-5555-5555-5555-000000000875', '44444444-4444-4444-4444-000000000048', '18D', 'ECONOMY'),
    ('55555555-5555-5555-5555-000000000876', '44444444-4444-4444-4444-000000000049', '1A', 'BUSINESS'),
    ('55555555-5555-5555-5555-000000000877', '44444444-4444-4444-4444-000000000049', '1B', 'BUSINESS'),
    ('55555555-5555-5555-5555-000000000878', '44444444-4444-4444-4444-000000000049', '2A', 'PREMIUM'),
    ('55555555-5555-5555-5555-000000000879', '44444444-4444-4444-4444-000000000049', '2B', 'PREMIUM'),
    ('55555555-5555-5555-5555-000000000880', '44444444-4444-4444-4444-000000000049', '12A', 'ECONOMY'),
    ('55555555-5555-5555-5555-000000000881', '44444444-4444-4444-4444-000000000049', '12B', 'ECONOMY'),
    ('55555555-5555-5555-5555-000000000882', '44444444-4444-4444-4444-000000000049', '12C', 'ECONOMY'),
    ('55555555-5555-5555-5555-000000000883', '44444444-4444-4444-4444-000000000049', '12D', 'ECONOMY'),
    ('55555555-5555-5555-5555-000000000884', '44444444-4444-4444-4444-000000000049', '18A', 'ECONOMY'),
    ('55555555-5555-5555-5555-000000000885', '44444444-4444-4444-4444-000000000049', '18B', 'ECONOMY'),
    ('55555555-5555-5555-5555-000000000886', '44444444-4444-4444-4444-000000000049', '18C', 'ECONOMY'),
    ('55555555-5555-5555-5555-000000000887', '44444444-4444-4444-4444-000000000049', '18D', 'ECONOMY'),
    ('55555555-5555-5555-5555-000000000888', '44444444-4444-4444-4444-000000000050', '1A', 'BUSINESS'),
    ('55555555-5555-5555-5555-000000000889', '44444444-4444-4444-4444-000000000050', '1B', 'BUSINESS'),
    ('55555555-5555-5555-5555-000000000890', '44444444-4444-4444-4444-000000000050', '2A', 'PREMIUM'),
    ('55555555-5555-5555-5555-000000000891', '44444444-4444-4444-4444-000000000050', '2B', 'PREMIUM'),
    ('55555555-5555-5555-5555-000000000892', '44444444-4444-4444-4444-000000000050', '12A', 'ECONOMY'),
    ('55555555-5555-5555-5555-000000000893', '44444444-4444-4444-4444-000000000050', '12B', 'ECONOMY'),
    ('55555555-5555-5555-5555-000000000894', '44444444-4444-4444-4444-000000000050', '12C', 'ECONOMY'),
    ('55555555-5555-5555-5555-000000000895', '44444444-4444-4444-4444-000000000050', '12D', 'ECONOMY'),
    ('55555555-5555-5555-5555-000000000896', '44444444-4444-4444-4444-000000000050', '18A', 'ECONOMY'),
    ('55555555-5555-5555-5555-000000000897', '44444444-4444-4444-4444-000000000050', '18B', 'ECONOMY'),
    ('55555555-5555-5555-5555-000000000898', '44444444-4444-4444-4444-000000000050', '18C', 'ECONOMY'),
    ('55555555-5555-5555-5555-000000000899', '44444444-4444-4444-4444-000000000050', '18D', 'ECONOMY'),
    ('55555555-5555-5555-5555-000000000900', '44444444-4444-4444-4444-000000000051', '1A', 'BUSINESS'),
    ('55555555-5555-5555-5555-000000000901', '44444444-4444-4444-4444-000000000051', '1B', 'BUSINESS'),
    ('55555555-5555-5555-5555-000000000902', '44444444-4444-4444-4444-000000000051', '2A', 'PREMIUM'),
    ('55555555-5555-5555-5555-000000000903', '44444444-4444-4444-4444-000000000051', '2B', 'PREMIUM'),
    ('55555555-5555-5555-5555-000000000904', '44444444-4444-4444-4444-000000000051', '12A', 'ECONOMY'),
    ('55555555-5555-5555-5555-000000000905', '44444444-4444-4444-4444-000000000051', '12B', 'ECONOMY'),
    ('55555555-5555-5555-5555-000000000906', '44444444-4444-4444-4444-000000000051', '12C', 'ECONOMY'),
    ('55555555-5555-5555-5555-000000000907', '44444444-4444-4444-4444-000000000051', '12D', 'ECONOMY'),
    ('55555555-5555-5555-5555-000000000908', '44444444-4444-4444-4444-000000000051', '18A', 'ECONOMY'),
    ('55555555-5555-5555-5555-000000000909', '44444444-4444-4444-4444-000000000051', '18B', 'ECONOMY'),
    ('55555555-5555-5555-5555-000000000910', '44444444-4444-4444-4444-000000000051', '18C', 'ECONOMY'),
    ('55555555-5555-5555-5555-000000000911', '44444444-4444-4444-4444-000000000051', '18D', 'ECONOMY'),
    ('55555555-5555-5555-5555-000000000912', '44444444-4444-4444-4444-000000000052', '1A', 'BUSINESS'),
    ('55555555-5555-5555-5555-000000000913', '44444444-4444-4444-4444-000000000052', '1B', 'BUSINESS'),
    ('55555555-5555-5555-5555-000000000914', '44444444-4444-4444-4444-000000000052', '2A', 'PREMIUM'),
    ('55555555-5555-5555-5555-000000000915', '44444444-4444-4444-4444-000000000052', '2B', 'PREMIUM'),
    ('55555555-5555-5555-5555-000000000916', '44444444-4444-4444-4444-000000000052', '12A', 'ECONOMY'),
    ('55555555-5555-5555-5555-000000000917', '44444444-4444-4444-4444-000000000052', '12B', 'ECONOMY'),
    ('55555555-5555-5555-5555-000000000918', '44444444-4444-4444-4444-000000000052', '12C', 'ECONOMY'),
    ('55555555-5555-5555-5555-000000000919', '44444444-4444-4444-4444-000000000052', '12D', 'ECONOMY'),
    ('55555555-5555-5555-5555-000000000920', '44444444-4444-4444-4444-000000000052', '18A', 'ECONOMY'),
    ('55555555-5555-5555-5555-000000000921', '44444444-4444-4444-4444-000000000052', '18B', 'ECONOMY'),
    ('55555555-5555-5555-5555-000000000922', '44444444-4444-4444-4444-000000000052', '18C', 'ECONOMY'),
    ('55555555-5555-5555-5555-000000000923', '44444444-4444-4444-4444-000000000052', '18D', 'ECONOMY'),
    ('55555555-5555-5555-5555-000000000924', '44444444-4444-4444-4444-000000000053', '1A', 'BUSINESS'),
    ('55555555-5555-5555-5555-000000000925', '44444444-4444-4444-4444-000000000053', '1B', 'BUSINESS'),
    ('55555555-5555-5555-5555-000000000926', '44444444-4444-4444-4444-000000000053', '2A', 'PREMIUM'),
    ('55555555-5555-5555-5555-000000000927', '44444444-4444-4444-4444-000000000053', '2B', 'PREMIUM'),
    ('55555555-5555-5555-5555-000000000928', '44444444-4444-4444-4444-000000000053', '12A', 'ECONOMY'),
    ('55555555-5555-5555-5555-000000000929', '44444444-4444-4444-4444-000000000053', '12B', 'ECONOMY'),
    ('55555555-5555-5555-5555-000000000930', '44444444-4444-4444-4444-000000000053', '12C', 'ECONOMY'),
    ('55555555-5555-5555-5555-000000000931', '44444444-4444-4444-4444-000000000053', '12D', 'ECONOMY'),
    ('55555555-5555-5555-5555-000000000932', '44444444-4444-4444-4444-000000000053', '18A', 'ECONOMY'),
    ('55555555-5555-5555-5555-000000000933', '44444444-4444-4444-4444-000000000053', '18B', 'ECONOMY'),
    ('55555555-5555-5555-5555-000000000934', '44444444-4444-4444-4444-000000000053', '18C', 'ECONOMY'),
    ('55555555-5555-5555-5555-000000000935', '44444444-4444-4444-4444-000000000053', '18D', 'ECONOMY'),
    ('55555555-5555-5555-5555-000000000936', '44444444-4444-4444-4444-000000000054', '1A', 'BUSINESS'),
    ('55555555-5555-5555-5555-000000000937', '44444444-4444-4444-4444-000000000054', '1B', 'BUSINESS'),
    ('55555555-5555-5555-5555-000000000938', '44444444-4444-4444-4444-000000000054', '2A', 'PREMIUM'),
    ('55555555-5555-5555-5555-000000000939', '44444444-4444-4444-4444-000000000054', '2B', 'PREMIUM'),
    ('55555555-5555-5555-5555-000000000940', '44444444-4444-4444-4444-000000000054', '12A', 'ECONOMY'),
    ('55555555-5555-5555-5555-000000000941', '44444444-4444-4444-4444-000000000054', '12B', 'ECONOMY'),
    ('55555555-5555-5555-5555-000000000942', '44444444-4444-4444-4444-000000000054', '12C', 'ECONOMY'),
    ('55555555-5555-5555-5555-000000000943', '44444444-4444-4444-4444-000000000054', '12D', 'ECONOMY'),
    ('55555555-5555-5555-5555-000000000944', '44444444-4444-4444-4444-000000000054', '18A', 'ECONOMY'),
    ('55555555-5555-5555-5555-000000000945', '44444444-4444-4444-4444-000000000054', '18B', 'ECONOMY'),
    ('55555555-5555-5555-5555-000000000946', '44444444-4444-4444-4444-000000000054', '18C', 'ECONOMY'),
    ('55555555-5555-5555-5555-000000000947', '44444444-4444-4444-4444-000000000054', '18D', 'ECONOMY'),
    ('55555555-5555-5555-5555-000000000948', '44444444-4444-4444-4444-000000000055', '1A', 'BUSINESS'),
    ('55555555-5555-5555-5555-000000000949', '44444444-4444-4444-4444-000000000055', '1B', 'BUSINESS'),
    ('55555555-5555-5555-5555-000000000950', '44444444-4444-4444-4444-000000000055', '2A', 'PREMIUM'),
    ('55555555-5555-5555-5555-000000000951', '44444444-4444-4444-4444-000000000055', '2B', 'PREMIUM'),
    ('55555555-5555-5555-5555-000000000952', '44444444-4444-4444-4444-000000000055', '12A', 'ECONOMY'),
    ('55555555-5555-5555-5555-000000000953', '44444444-4444-4444-4444-000000000055', '12B', 'ECONOMY'),
    ('55555555-5555-5555-5555-000000000954', '44444444-4444-4444-4444-000000000055', '12C', 'ECONOMY'),
    ('55555555-5555-5555-5555-000000000955', '44444444-4444-4444-4444-000000000055', '12D', 'ECONOMY'),
    ('55555555-5555-5555-5555-000000000956', '44444444-4444-4444-4444-000000000055', '18A', 'ECONOMY'),
    ('55555555-5555-5555-5555-000000000957', '44444444-4444-4444-4444-000000000055', '18B', 'ECONOMY'),
    ('55555555-5555-5555-5555-000000000958', '44444444-4444-4444-4444-000000000055', '18C', 'ECONOMY'),
    ('55555555-5555-5555-5555-000000000959', '44444444-4444-4444-4444-000000000055', '18D', 'ECONOMY'),
    ('55555555-5555-5555-5555-000000000960', '44444444-4444-4444-4444-000000000056', '1A', 'BUSINESS'),
    ('55555555-5555-5555-5555-000000000961', '44444444-4444-4444-4444-000000000056', '1B', 'BUSINESS'),
    ('55555555-5555-5555-5555-000000000962', '44444444-4444-4444-4444-000000000056', '2A', 'PREMIUM'),
    ('55555555-5555-5555-5555-000000000963', '44444444-4444-4444-4444-000000000056', '2B', 'PREMIUM'),
    ('55555555-5555-5555-5555-000000000964', '44444444-4444-4444-4444-000000000056', '12A', 'ECONOMY'),
    ('55555555-5555-5555-5555-000000000965', '44444444-4444-4444-4444-000000000056', '12B', 'ECONOMY'),
    ('55555555-5555-5555-5555-000000000966', '44444444-4444-4444-4444-000000000056', '12C', 'ECONOMY'),
    ('55555555-5555-5555-5555-000000000967', '44444444-4444-4444-4444-000000000056', '12D', 'ECONOMY'),
    ('55555555-5555-5555-5555-000000000968', '44444444-4444-4444-4444-000000000056', '18A', 'ECONOMY'),
    ('55555555-5555-5555-5555-000000000969', '44444444-4444-4444-4444-000000000056', '18B', 'ECONOMY'),
    ('55555555-5555-5555-5555-000000000970', '44444444-4444-4444-4444-000000000056', '18C', 'ECONOMY'),
    ('55555555-5555-5555-5555-000000000971', '44444444-4444-4444-4444-000000000056', '18D', 'ECONOMY'),
    ('55555555-5555-5555-5555-000000000972', '44444444-4444-4444-4444-000000000057', '1A', 'BUSINESS'),
    ('55555555-5555-5555-5555-000000000973', '44444444-4444-4444-4444-000000000057', '1B', 'BUSINESS'),
    ('55555555-5555-5555-5555-000000000974', '44444444-4444-4444-4444-000000000057', '2A', 'PREMIUM'),
    ('55555555-5555-5555-5555-000000000975', '44444444-4444-4444-4444-000000000057', '2B', 'PREMIUM'),
    ('55555555-5555-5555-5555-000000000976', '44444444-4444-4444-4444-000000000057', '12A', 'ECONOMY'),
    ('55555555-5555-5555-5555-000000000977', '44444444-4444-4444-4444-000000000057', '12B', 'ECONOMY'),
    ('55555555-5555-5555-5555-000000000978', '44444444-4444-4444-4444-000000000057', '12C', 'ECONOMY'),
    ('55555555-5555-5555-5555-000000000979', '44444444-4444-4444-4444-000000000057', '12D', 'ECONOMY'),
    ('55555555-5555-5555-5555-000000000980', '44444444-4444-4444-4444-000000000057', '18A', 'ECONOMY'),
    ('55555555-5555-5555-5555-000000000981', '44444444-4444-4444-4444-000000000057', '18B', 'ECONOMY'),
    ('55555555-5555-5555-5555-000000000982', '44444444-4444-4444-4444-000000000057', '18C', 'ECONOMY'),
    ('55555555-5555-5555-5555-000000000983', '44444444-4444-4444-4444-000000000057', '18D', 'ECONOMY'),
    ('55555555-5555-5555-5555-000000000984', '44444444-4444-4444-4444-000000000058', '1A', 'BUSINESS'),
    ('55555555-5555-5555-5555-000000000985', '44444444-4444-4444-4444-000000000058', '1B', 'BUSINESS'),
    ('55555555-5555-5555-5555-000000000986', '44444444-4444-4444-4444-000000000058', '2A', 'PREMIUM'),
    ('55555555-5555-5555-5555-000000000987', '44444444-4444-4444-4444-000000000058', '2B', 'PREMIUM'),
    ('55555555-5555-5555-5555-000000000988', '44444444-4444-4444-4444-000000000058', '12A', 'ECONOMY'),
    ('55555555-5555-5555-5555-000000000989', '44444444-4444-4444-4444-000000000058', '12B', 'ECONOMY'),
    ('55555555-5555-5555-5555-000000000990', '44444444-4444-4444-4444-000000000058', '12C', 'ECONOMY'),
    ('55555555-5555-5555-5555-000000000991', '44444444-4444-4444-4444-000000000058', '12D', 'ECONOMY'),
    ('55555555-5555-5555-5555-000000000992', '44444444-4444-4444-4444-000000000058', '18A', 'ECONOMY'),
    ('55555555-5555-5555-5555-000000000993', '44444444-4444-4444-4444-000000000058', '18B', 'ECONOMY'),
    ('55555555-5555-5555-5555-000000000994', '44444444-4444-4444-4444-000000000058', '18C', 'ECONOMY'),
    ('55555555-5555-5555-5555-000000000995', '44444444-4444-4444-4444-000000000058', '18D', 'ECONOMY'),
    ('55555555-5555-5555-5555-000000000996', '44444444-4444-4444-4444-000000000059', '1A', 'BUSINESS'),
    ('55555555-5555-5555-5555-000000000997', '44444444-4444-4444-4444-000000000059', '1B', 'BUSINESS'),
    ('55555555-5555-5555-5555-000000000998', '44444444-4444-4444-4444-000000000059', '2A', 'PREMIUM'),
    ('55555555-5555-5555-5555-000000000999', '44444444-4444-4444-4444-000000000059', '2B', 'PREMIUM'),
    ('55555555-5555-5555-5555-000000001000', '44444444-4444-4444-4444-000000000059', '12A', 'ECONOMY'),
    ('55555555-5555-5555-5555-000000001001', '44444444-4444-4444-4444-000000000059', '12B', 'ECONOMY'),
    ('55555555-5555-5555-5555-000000001002', '44444444-4444-4444-4444-000000000059', '12C', 'ECONOMY'),
    ('55555555-5555-5555-5555-000000001003', '44444444-4444-4444-4444-000000000059', '12D', 'ECONOMY'),
    ('55555555-5555-5555-5555-000000001004', '44444444-4444-4444-4444-000000000059', '18A', 'ECONOMY'),
    ('55555555-5555-5555-5555-000000001005', '44444444-4444-4444-4444-000000000059', '18B', 'ECONOMY'),
    ('55555555-5555-5555-5555-000000001006', '44444444-4444-4444-4444-000000000059', '18C', 'ECONOMY'),
    ('55555555-5555-5555-5555-000000001007', '44444444-4444-4444-4444-000000000059', '18D', 'ECONOMY'),
    ('55555555-5555-5555-5555-000000001008', '44444444-4444-4444-4444-000000000060', '1A', 'BUSINESS'),
    ('55555555-5555-5555-5555-000000001009', '44444444-4444-4444-4444-000000000060', '1B', 'BUSINESS'),
    ('55555555-5555-5555-5555-000000001010', '44444444-4444-4444-4444-000000000060', '2A', 'PREMIUM'),
    ('55555555-5555-5555-5555-000000001011', '44444444-4444-4444-4444-000000000060', '2B', 'PREMIUM'),
    ('55555555-5555-5555-5555-000000001012', '44444444-4444-4444-4444-000000000060', '12A', 'ECONOMY'),
    ('55555555-5555-5555-5555-000000001013', '44444444-4444-4444-4444-000000000060', '12B', 'ECONOMY'),
    ('55555555-5555-5555-5555-000000001014', '44444444-4444-4444-4444-000000000060', '12C', 'ECONOMY'),
    ('55555555-5555-5555-5555-000000001015', '44444444-4444-4444-4444-000000000060', '12D', 'ECONOMY'),
    ('55555555-5555-5555-5555-000000001016', '44444444-4444-4444-4444-000000000060', '18A', 'ECONOMY'),
    ('55555555-5555-5555-5555-000000001017', '44444444-4444-4444-4444-000000000060', '18B', 'ECONOMY'),
    ('55555555-5555-5555-5555-000000001018', '44444444-4444-4444-4444-000000000060', '18C', 'ECONOMY'),
    ('55555555-5555-5555-5555-000000001019', '44444444-4444-4444-4444-000000000060', '18D', 'ECONOMY'),
    ('55555555-5555-5555-5555-000000001020', '44444444-4444-4444-4444-000000000061', '1A', 'BUSINESS'),
    ('55555555-5555-5555-5555-000000001021', '44444444-4444-4444-4444-000000000061', '1B', 'BUSINESS'),
    ('55555555-5555-5555-5555-000000001022', '44444444-4444-4444-4444-000000000061', '2A', 'PREMIUM'),
    ('55555555-5555-5555-5555-000000001023', '44444444-4444-4444-4444-000000000061', '2B', 'PREMIUM'),
    ('55555555-5555-5555-5555-000000001024', '44444444-4444-4444-4444-000000000061', '12A', 'ECONOMY'),
    ('55555555-5555-5555-5555-000000001025', '44444444-4444-4444-4444-000000000061', '12B', 'ECONOMY'),
    ('55555555-5555-5555-5555-000000001026', '44444444-4444-4444-4444-000000000061', '12C', 'ECONOMY'),
    ('55555555-5555-5555-5555-000000001027', '44444444-4444-4444-4444-000000000061', '12D', 'ECONOMY'),
    ('55555555-5555-5555-5555-000000001028', '44444444-4444-4444-4444-000000000061', '18A', 'ECONOMY'),
    ('55555555-5555-5555-5555-000000001029', '44444444-4444-4444-4444-000000000061', '18B', 'ECONOMY'),
    ('55555555-5555-5555-5555-000000001030', '44444444-4444-4444-4444-000000000061', '18C', 'ECONOMY'),
    ('55555555-5555-5555-5555-000000001031', '44444444-4444-4444-4444-000000000061', '18D', 'ECONOMY'),
    ('55555555-5555-5555-5555-000000001032', '44444444-4444-4444-4444-000000000062', '1A', 'BUSINESS'),
    ('55555555-5555-5555-5555-000000001033', '44444444-4444-4444-4444-000000000062', '1B', 'BUSINESS'),
    ('55555555-5555-5555-5555-000000001034', '44444444-4444-4444-4444-000000000062', '2A', 'PREMIUM'),
    ('55555555-5555-5555-5555-000000001035', '44444444-4444-4444-4444-000000000062', '2B', 'PREMIUM'),
    ('55555555-5555-5555-5555-000000001036', '44444444-4444-4444-4444-000000000062', '12A', 'ECONOMY'),
    ('55555555-5555-5555-5555-000000001037', '44444444-4444-4444-4444-000000000062', '12B', 'ECONOMY'),
    ('55555555-5555-5555-5555-000000001038', '44444444-4444-4444-4444-000000000062', '12C', 'ECONOMY'),
    ('55555555-5555-5555-5555-000000001039', '44444444-4444-4444-4444-000000000062', '12D', 'ECONOMY'),
    ('55555555-5555-5555-5555-000000001040', '44444444-4444-4444-4444-000000000062', '18A', 'ECONOMY'),
    ('55555555-5555-5555-5555-000000001041', '44444444-4444-4444-4444-000000000062', '18B', 'ECONOMY'),
    ('55555555-5555-5555-5555-000000001042', '44444444-4444-4444-4444-000000000062', '18C', 'ECONOMY'),
    ('55555555-5555-5555-5555-000000001043', '44444444-4444-4444-4444-000000000062', '18D', 'ECONOMY'),
    ('55555555-5555-5555-5555-000000001044', '44444444-4444-4444-4444-000000000063', '1A', 'BUSINESS'),
    ('55555555-5555-5555-5555-000000001045', '44444444-4444-4444-4444-000000000063', '1B', 'BUSINESS'),
    ('55555555-5555-5555-5555-000000001046', '44444444-4444-4444-4444-000000000063', '2A', 'PREMIUM'),
    ('55555555-5555-5555-5555-000000001047', '44444444-4444-4444-4444-000000000063', '2B', 'PREMIUM'),
    ('55555555-5555-5555-5555-000000001048', '44444444-4444-4444-4444-000000000063', '12A', 'ECONOMY'),
    ('55555555-5555-5555-5555-000000001049', '44444444-4444-4444-4444-000000000063', '12B', 'ECONOMY'),
    ('55555555-5555-5555-5555-000000001050', '44444444-4444-4444-4444-000000000063', '12C', 'ECONOMY'),
    ('55555555-5555-5555-5555-000000001051', '44444444-4444-4444-4444-000000000063', '12D', 'ECONOMY'),
    ('55555555-5555-5555-5555-000000001052', '44444444-4444-4444-4444-000000000063', '18A', 'ECONOMY'),
    ('55555555-5555-5555-5555-000000001053', '44444444-4444-4444-4444-000000000063', '18B', 'ECONOMY'),
    ('55555555-5555-5555-5555-000000001054', '44444444-4444-4444-4444-000000000063', '18C', 'ECONOMY'),
    ('55555555-5555-5555-5555-000000001055', '44444444-4444-4444-4444-000000000063', '18D', 'ECONOMY'),
    ('55555555-5555-5555-5555-000000001056', '44444444-4444-4444-4444-000000000064', '1A', 'BUSINESS'),
    ('55555555-5555-5555-5555-000000001057', '44444444-4444-4444-4444-000000000064', '1B', 'BUSINESS'),
    ('55555555-5555-5555-5555-000000001058', '44444444-4444-4444-4444-000000000064', '2A', 'PREMIUM'),
    ('55555555-5555-5555-5555-000000001059', '44444444-4444-4444-4444-000000000064', '2B', 'PREMIUM'),
    ('55555555-5555-5555-5555-000000001060', '44444444-4444-4444-4444-000000000064', '12A', 'ECONOMY'),
    ('55555555-5555-5555-5555-000000001061', '44444444-4444-4444-4444-000000000064', '12B', 'ECONOMY'),
    ('55555555-5555-5555-5555-000000001062', '44444444-4444-4444-4444-000000000064', '12C', 'ECONOMY'),
    ('55555555-5555-5555-5555-000000001063', '44444444-4444-4444-4444-000000000064', '12D', 'ECONOMY'),
    ('55555555-5555-5555-5555-000000001064', '44444444-4444-4444-4444-000000000064', '18A', 'ECONOMY'),
    ('55555555-5555-5555-5555-000000001065', '44444444-4444-4444-4444-000000000064', '18B', 'ECONOMY'),
    ('55555555-5555-5555-5555-000000001066', '44444444-4444-4444-4444-000000000064', '18C', 'ECONOMY'),
    ('55555555-5555-5555-5555-000000001067', '44444444-4444-4444-4444-000000000064', '18D', 'ECONOMY'),
    ('55555555-5555-5555-5555-000000001068', '44444444-4444-4444-4444-000000000065', '1A', 'BUSINESS'),
    ('55555555-5555-5555-5555-000000001069', '44444444-4444-4444-4444-000000000065', '1B', 'BUSINESS'),
    ('55555555-5555-5555-5555-000000001070', '44444444-4444-4444-4444-000000000065', '2A', 'PREMIUM'),
    ('55555555-5555-5555-5555-000000001071', '44444444-4444-4444-4444-000000000065', '2B', 'PREMIUM'),
    ('55555555-5555-5555-5555-000000001072', '44444444-4444-4444-4444-000000000065', '12A', 'ECONOMY'),
    ('55555555-5555-5555-5555-000000001073', '44444444-4444-4444-4444-000000000065', '12B', 'ECONOMY'),
    ('55555555-5555-5555-5555-000000001074', '44444444-4444-4444-4444-000000000065', '12C', 'ECONOMY'),
    ('55555555-5555-5555-5555-000000001075', '44444444-4444-4444-4444-000000000065', '12D', 'ECONOMY'),
    ('55555555-5555-5555-5555-000000001076', '44444444-4444-4444-4444-000000000065', '18A', 'ECONOMY'),
    ('55555555-5555-5555-5555-000000001077', '44444444-4444-4444-4444-000000000065', '18B', 'ECONOMY'),
    ('55555555-5555-5555-5555-000000001078', '44444444-4444-4444-4444-000000000065', '18C', 'ECONOMY'),
    ('55555555-5555-5555-5555-000000001079', '44444444-4444-4444-4444-000000000065', '18D', 'ECONOMY'),
    ('55555555-5555-5555-5555-000000001080', '44444444-4444-4444-4444-000000000066', '1A', 'BUSINESS'),
    ('55555555-5555-5555-5555-000000001081', '44444444-4444-4444-4444-000000000066', '1B', 'BUSINESS'),
    ('55555555-5555-5555-5555-000000001082', '44444444-4444-4444-4444-000000000066', '2A', 'PREMIUM'),
    ('55555555-5555-5555-5555-000000001083', '44444444-4444-4444-4444-000000000066', '2B', 'PREMIUM'),
    ('55555555-5555-5555-5555-000000001084', '44444444-4444-4444-4444-000000000066', '12A', 'ECONOMY'),
    ('55555555-5555-5555-5555-000000001085', '44444444-4444-4444-4444-000000000066', '12B', 'ECONOMY'),
    ('55555555-5555-5555-5555-000000001086', '44444444-4444-4444-4444-000000000066', '12C', 'ECONOMY'),
    ('55555555-5555-5555-5555-000000001087', '44444444-4444-4444-4444-000000000066', '12D', 'ECONOMY'),
    ('55555555-5555-5555-5555-000000001088', '44444444-4444-4444-4444-000000000066', '18A', 'ECONOMY'),
    ('55555555-5555-5555-5555-000000001089', '44444444-4444-4444-4444-000000000066', '18B', 'ECONOMY'),
    ('55555555-5555-5555-5555-000000001090', '44444444-4444-4444-4444-000000000066', '18C', 'ECONOMY'),
    ('55555555-5555-5555-5555-000000001091', '44444444-4444-4444-4444-000000000066', '18D', 'ECONOMY'),
    ('55555555-5555-5555-5555-000000001092', '44444444-4444-4444-4444-000000000067', '1A', 'BUSINESS'),
    ('55555555-5555-5555-5555-000000001093', '44444444-4444-4444-4444-000000000067', '1B', 'BUSINESS'),
    ('55555555-5555-5555-5555-000000001094', '44444444-4444-4444-4444-000000000067', '2A', 'PREMIUM'),
    ('55555555-5555-5555-5555-000000001095', '44444444-4444-4444-4444-000000000067', '2B', 'PREMIUM'),
    ('55555555-5555-5555-5555-000000001096', '44444444-4444-4444-4444-000000000067', '12A', 'ECONOMY'),
    ('55555555-5555-5555-5555-000000001097', '44444444-4444-4444-4444-000000000067', '12B', 'ECONOMY'),
    ('55555555-5555-5555-5555-000000001098', '44444444-4444-4444-4444-000000000067', '12C', 'ECONOMY'),
    ('55555555-5555-5555-5555-000000001099', '44444444-4444-4444-4444-000000000067', '12D', 'ECONOMY'),
    ('55555555-5555-5555-5555-000000001100', '44444444-4444-4444-4444-000000000067', '18A', 'ECONOMY'),
    ('55555555-5555-5555-5555-000000001101', '44444444-4444-4444-4444-000000000067', '18B', 'ECONOMY'),
    ('55555555-5555-5555-5555-000000001102', '44444444-4444-4444-4444-000000000067', '18C', 'ECONOMY'),
    ('55555555-5555-5555-5555-000000001103', '44444444-4444-4444-4444-000000000067', '18D', 'ECONOMY'),
    ('55555555-5555-5555-5555-000000001104', '44444444-4444-4444-4444-000000000068', '1A', 'BUSINESS'),
    ('55555555-5555-5555-5555-000000001105', '44444444-4444-4444-4444-000000000068', '1B', 'BUSINESS'),
    ('55555555-5555-5555-5555-000000001106', '44444444-4444-4444-4444-000000000068', '2A', 'PREMIUM'),
    ('55555555-5555-5555-5555-000000001107', '44444444-4444-4444-4444-000000000068', '2B', 'PREMIUM'),
    ('55555555-5555-5555-5555-000000001108', '44444444-4444-4444-4444-000000000068', '12A', 'ECONOMY'),
    ('55555555-5555-5555-5555-000000001109', '44444444-4444-4444-4444-000000000068', '12B', 'ECONOMY'),
    ('55555555-5555-5555-5555-000000001110', '44444444-4444-4444-4444-000000000068', '12C', 'ECONOMY'),
    ('55555555-5555-5555-5555-000000001111', '44444444-4444-4444-4444-000000000068', '12D', 'ECONOMY'),
    ('55555555-5555-5555-5555-000000001112', '44444444-4444-4444-4444-000000000068', '18A', 'ECONOMY'),
    ('55555555-5555-5555-5555-000000001113', '44444444-4444-4444-4444-000000000068', '18B', 'ECONOMY'),
    ('55555555-5555-5555-5555-000000001114', '44444444-4444-4444-4444-000000000068', '18C', 'ECONOMY'),
    ('55555555-5555-5555-5555-000000001115', '44444444-4444-4444-4444-000000000068', '18D', 'ECONOMY'),
    ('55555555-5555-5555-5555-000000001116', '44444444-4444-4444-4444-000000000069', '1A', 'BUSINESS'),
    ('55555555-5555-5555-5555-000000001117', '44444444-4444-4444-4444-000000000069', '1B', 'BUSINESS'),
    ('55555555-5555-5555-5555-000000001118', '44444444-4444-4444-4444-000000000069', '2A', 'PREMIUM'),
    ('55555555-5555-5555-5555-000000001119', '44444444-4444-4444-4444-000000000069', '2B', 'PREMIUM'),
    ('55555555-5555-5555-5555-000000001120', '44444444-4444-4444-4444-000000000069', '12A', 'ECONOMY'),
    ('55555555-5555-5555-5555-000000001121', '44444444-4444-4444-4444-000000000069', '12B', 'ECONOMY'),
    ('55555555-5555-5555-5555-000000001122', '44444444-4444-4444-4444-000000000069', '12C', 'ECONOMY'),
    ('55555555-5555-5555-5555-000000001123', '44444444-4444-4444-4444-000000000069', '12D', 'ECONOMY'),
    ('55555555-5555-5555-5555-000000001124', '44444444-4444-4444-4444-000000000069', '18A', 'ECONOMY'),
    ('55555555-5555-5555-5555-000000001125', '44444444-4444-4444-4444-000000000069', '18B', 'ECONOMY'),
    ('55555555-5555-5555-5555-000000001126', '44444444-4444-4444-4444-000000000069', '18C', 'ECONOMY'),
    ('55555555-5555-5555-5555-000000001127', '44444444-4444-4444-4444-000000000069', '18D', 'ECONOMY'),
    ('55555555-5555-5555-5555-000000001128', '44444444-4444-4444-4444-000000000070', '1A', 'BUSINESS'),
    ('55555555-5555-5555-5555-000000001129', '44444444-4444-4444-4444-000000000070', '1B', 'BUSINESS'),
    ('55555555-5555-5555-5555-000000001130', '44444444-4444-4444-4444-000000000070', '2A', 'PREMIUM'),
    ('55555555-5555-5555-5555-000000001131', '44444444-4444-4444-4444-000000000070', '2B', 'PREMIUM'),
    ('55555555-5555-5555-5555-000000001132', '44444444-4444-4444-4444-000000000070', '12A', 'ECONOMY'),
    ('55555555-5555-5555-5555-000000001133', '44444444-4444-4444-4444-000000000070', '12B', 'ECONOMY'),
    ('55555555-5555-5555-5555-000000001134', '44444444-4444-4444-4444-000000000070', '12C', 'ECONOMY'),
    ('55555555-5555-5555-5555-000000001135', '44444444-4444-4444-4444-000000000070', '12D', 'ECONOMY'),
    ('55555555-5555-5555-5555-000000001136', '44444444-4444-4444-4444-000000000070', '18A', 'ECONOMY'),
    ('55555555-5555-5555-5555-000000001137', '44444444-4444-4444-4444-000000000070', '18B', 'ECONOMY'),
    ('55555555-5555-5555-5555-000000001138', '44444444-4444-4444-4444-000000000070', '18C', 'ECONOMY'),
    ('55555555-5555-5555-5555-000000001139', '44444444-4444-4444-4444-000000000070', '18D', 'ECONOMY')
ON CONFLICT (id) DO NOTHING;
